,標題,看板名稱
0,[問卦] 板上有復合成功幸福美滿的例子嗎？,Gosssiping
1,Re: [新聞] 快訊／為藍白合再拋「折衷方案」　侯友宜,Gosssiping
2,[新聞] 真愜意！裸上身按摩開會　亞航老闆自拍慘,Gosssiping
3,[問卦] 麥當勞 大蛋捲冰有賣嗎?,Gosssiping
4,[新聞] 走鐘獎挨轟難看、隨便！呱吉「千字文」,Gosssiping
5,[新聞] 15人獲文協獎章 盼促台本土文化 ,Gosssiping
6,[新聞] 稱口罩國家隊賺回扣遭3大公會譴責 李鴻源,Gosssiping
7,[問卦] 爸爸過世了媽媽整天上班小公主該怎辦????,Gosssiping
8,[問卦] 圓山動物園的林旺怎麼來台灣的,Gosssiping
9,Re: [爆卦] 以色列發言人承認轟炸醫院後又刪除貼文,Gosssiping
10,[問卦] 以色列會變成下一個光明頂嗎？,Gosssiping
11,[問卦] 現股買進 能改帳成現股賣出嗎,Gosssiping
12,Re: [問卦] 大直公辦都更1坪換0.74想要車位 補錢！,Gosssiping
13,[問卦] 台積電，為何不全縣市設廠= =...?,Gosssiping
14,Re: [新聞] 公車開太快猛急煞！　乘客起身準備下車..,Gosssiping
15,[問卦] 同理心 換位思考 是不是 洗腦的工具,Gosssiping
16,[問卦] 白的不行為什麼不考慮綠的,Gosssiping
17,[問卦] 五餅+二<><  能餵飽多少人？,Gosssiping
18,[問卦] 機車油箱蓋整晚沒蓋會怎樣嗎,Gosssiping
19,[公告] 八卦板板規(2023.09.11),Gosssiping
20,[協尋] 阿公失蹤（汐止）,Gosssiping
21,[協尋] 新北市中和立業路貓咪走失,Gosssiping
22,[協尋] 家中長輩走失,Gosssiping
23,[公告] ～（＠ｏ＠）～民主初選～八卦板主徵選報名開始,Gosssiping
24,[問卦] 劉德華在台灣走紅的關鍵是忘情水嗎?,Gosssiping
25,[新聞] 北市都更1坪換1坪「做不到」 議員嗆下台,Gosssiping
26,Re: [新聞] 快訊／為藍白合再拋「折衷方案」　侯友宜,Gosssiping
27,[問卦] 布加拉提為何不能理解Boss?,Gosssiping
28,[問卦] 鬼頭明里(29)伊藤美來(27)大家選誰？,Gosssiping
29,[問卦] 從桃園最北到新竹最南開車需要多久？,Gosssiping
30,Re: [爆卦] 以色列發言人承認轟炸醫院後又刪除貼文,Gosssiping
31,[爆卦] 加薩醫院被炸後 大量抗議潮湧現,Gosssiping
32,Re: [新聞] 少子化多嚴重？他見母校一幕超震撼：湊不,Gosssiping
33,Re: [問卦] 原來行政罰是可以溝通的卦,Gosssiping
34,Re: [爆卦] 加薩醫院是哈瑪斯火箭發射失誤炸毀,Gosssiping
35,Re: [問卦] 讀書是翻轉階級的唯一方法？,Gosssiping
36,[問卦] 超派的超哥可以買下50% NV的股權嗎,Gosssiping
37,[問卦] 我家自來水被人加料種麼辦,Gosssiping
38,[問卦] 台中有無推薦的按摩館？,Gosssiping
39,Re: [新聞] 快訊／為藍白合再拋「折衷方案」　侯友宜,Gosssiping
40,[新聞] 吳季穎不只搭上裕隆千金！被爆「網紅前女,Gosssiping
41,Re: [新聞] 曾銘宗鬆口：假設郭台銘有意願也可合作,Gosssiping
42,Re: [新聞] 快訊／為藍白合再拋「折衷方案」　侯友宜,Gosssiping
43,[問卦] 怎麼稱呼炸醫院港口機場斷人水電的國家?,Gosssiping
44,[問卦] 番茄什麼時候跌價？,Gosssiping
45,[問卦] 小楊哥的產品進來臺灣會熱銷嗎？,Gosssiping
46,[問卦] 建商壓新聞？你知道房價又破紀錄了嗎,Gosssiping
47,[問卦] gg在大寮設廠的可能性？,Gosssiping
48,[新聞] 一帶一路學不來？郭正亮揭美國對抗戰略：,Gosssiping
49,[問卦] 送詩卡交朋友  有人試過嗎？,Gosssiping
50,Re: [問卦] 真的有人只喜歡平胸的女生嗎？,Gosssiping
51,[問卦] 要買緯創還是群創？？,Gosssiping
52,[新聞] 2000美軍待命支援！ 紐時：以色列請求美,Gosssiping
53,Re: [爆卦] 加薩醫院是哈瑪斯火箭發射失誤炸毀,Gosssiping
54,[新聞] 曾銘宗鬆口：假設郭台銘有意願也可合作,Gosssiping
55,Re: [新聞] 台積電放棄龍科3期　台南、高雄、屏東喊,Gosssiping
56,Re: [爆卦] 加薩醫院是哈瑪斯火箭發射失誤炸毀,Gosssiping
57,Re: [新聞] 快訊／民眾黨堅持全民調　金溥聰：若,Gosssiping
58,"[問卦] 日本女生除了""可愛""還有其他形容詞嗎?",Gosssiping
59,Re: [問卦] 讀書是翻轉階級的唯一方法？,Gosssiping
60,[問卦] 俄羅斯有可能攻打以色列嗎,Gosssiping
61,Re: [新聞] 快訊／為藍白合再拋「折衷方案」　侯友宜,Gosssiping
62,[問卦] 原來行政罰是可以溝通的卦,Gosssiping
63,Re: [新聞] 少子化多嚴重？他見母校一幕超震撼：湊不,Gosssiping
64,[爆卦] 加薩醫院是哈瑪斯火箭發射失誤炸毀,Gosssiping
65,[問卦] 有沒有上班穿的很辣卻遮遮掩掩不給人家,Gosssiping
66,[問卦] 諮商是不是被造神太嚴重?,Gosssiping
67,[問卦] 被騙500元要放過她嗎？,Gosssiping
68,Re: [問卦] 台北市換人快滿1年了，有什麼改變嗎?,Gosssiping
69,[問卦] 早上健身完後會想睡覺嗎？,Gosssiping
70,[問卦] 沒人發現台式甜甜圈很好吃嗎,Gosssiping
71,Re: [新聞] 民調／藍白能合？賴清德42.62%穩第一　柯,Gosssiping
72,Re: [問卦] 台北市換人快滿1年了，有什麼改變嗎?,Gosssiping
73,[問卦] 台灣人講話很喜歡加真的?,Gosssiping
74,[新聞] 拜登考慮1000億美元追加預算 國防援助以,Gosssiping
75,Re: [新聞] 少子化多嚴重？他見母校一幕超震撼：湊不,Gosssiping
76,[問卦] 台積電二奈米廠要換蓋哪個縣市？,Gosssiping
77,Re: [爆卦] 以色列發言人承認轟炸醫院後又刪除貼文,Gosssiping
78,[問卦] 用飛彈炸醫院的團體算不算恐怖組織？,Gosssiping
79,[問卦] 樓下來了一個超帥的保全,Gosssiping
80,Re: [爆卦] 以色列發言人承認轟炸醫院後又刪除貼文,Gosssiping
81,[問卦] 盜走的懶叫去哪了？,Gosssiping
82,[問卦] 我這樣是不是老了,Gosssiping
83,Re: [問卦] 加薩醫院是以色列炸的吧,Gosssiping
84,[問卦] 昨晚跟女友做愛不小心太快射該怎麼辦？,Gosssiping
85,[問卦] 台灣園區眾多為什麼竹科太太獨大？,Gosssiping
86,[問卦] 長春藤大學如果少了猶太人 會怎麼樣?,Gosssiping
87,Re: [新聞] 快訊／為藍白合再拋「折衷方案」　侯友宜,Gosssiping
88,[新聞] 台積電放棄龍科3期　台南、高雄、屏東喊,Gosssiping
89,[問卦] 美軍不知誰炸北溪二號、加薩醫院 最大笑話,Gosssiping
90,[新聞] YTR沒出席典禮挨轟！呱吉千字文反擊「不,Gosssiping
91,[問卦] 敗登是不是美國屎上最爛的總統,Gosssiping
92,[新聞] 加薩醫院遭空襲500死 拜登訪以色列破局,Gosssiping
93,Re: [新聞] 快訊／為藍白合再拋「折衷方案」　侯友宜,Gosssiping
94,[問卦] 醫生把病人當手機桌布，算噁男嗎？,Gosssiping
95,Re: [問卦] 文旦都是誰在吃？☺,Gosssiping
96,Re: [新聞] 獨／標示不實液蛋流向出爐 知名食品大廠,Gosssiping
97,Re: [新聞] 快訊／為藍白合再拋「折衷方案」　侯友宜,Gosssiping
98,Re: [新聞] 台積電放棄龍科3期　台南、高雄、屏東喊,Gosssiping
99,Re: [新聞] 快訊／為藍白合再拋「折衷方案」　侯友宜,Gosssiping
100,[問卦] 加薩醫院是以色列炸的吧,Gosssiping
101,[問卦] 如果只有一台可選，要選清淨還是除濕？,Gosssiping
102,[爆卦] 以色列發言人承認轟炸醫院後又刪除貼文,Gosssiping
103,[問卦] =.= 頻繁進口營業稅稅基搶錢嗎？！,Gosssiping
104,[新聞] 學區蟑螂？柯市政顧問爆斂財　喬入學「狠,Gosssiping
105,[問卦] 國道客運到底被誰玩爛了？,Gosssiping
106,[問卦] 自己蓋房子有多貴？,Gosssiping
107,Re: [新聞] 少子化多嚴重？他見母校一幕超震撼：湊不,Gosssiping
108,[新聞] 柯文哲喊自己「勝率最高」　媒體人曝劣,Gosssiping
109,Re: [新聞] 少子化多嚴重？他見母校一幕超震撼：湊不,Gosssiping
110,[問卦] 八卦鄉民們是道歉文專家嗎？,Gosssiping
111,[新聞] 快訊／為藍白合再拋「折衷方案」　侯友宜,Gosssiping
112,[問卦] 公園大媽開始跳斗音了,Gosssiping
113,[問卦] 文旦都是誰在吃？☺ ,Gosssiping
114,[問卦] 以色列是北風還是太陽,Gosssiping
115,Re: [問卦] 真的有人只喜歡平胸的女生嗎？,Gosssiping
116,[問卦] 開校車是不是可以無敵？,Gosssiping
117,[新聞] 街頭橫向爆衝！休旅車突倒車　撞進鑰匙店,Gosssiping
118,Re: [問卦] 國道客運到底被誰玩爛了？,Gosssiping
119,[問卦] 如果女兒不聽話 會打罵教育嗎？？？,Gosssiping
120,[問卦] 護理已經很慘為什麼還要鬥,Gosssiping
121,"[問卦] 年收多少可以嗆""沒人賺得比我多""?",Gosssiping
122,[問卦] OverWatch 2為啥過氣這麼快？,Gosssiping
123,[問卦] 為什麼國民黨老人不懂,Gosssiping
124,[問卦] 電子報可以設垃圾信 垃圾簡訊無解？,Gosssiping
125,[問卦] 二十多歲就痛風？,Gosssiping
126,[問卦] 這七年讓年輕人都變犯罪生力軍?,Gosssiping
127,[問卦] 最近又有漲價題材?,Gosssiping
128,Re: [新聞] 港湖泛綠分裂！賴清德幫高嘉瑜站台 吳欣岱場外發文宣,Gosssiping
129,[問卦] yt廣告的下載數跟評論哪個是真的？,Gosssiping
130,Re: [問卦] 真的有人只喜歡平胸的女生嗎？,Gosssiping
131,[問卦] 跟二十代女森可以聊什麼?,Gosssiping
132,[問卦] 月月都生不如死怎麼人口還持續增加?,Gosssiping
133,Re: [問卦] 鑽石其實根本不值錢？,Gosssiping
134,[問卦] 為什麼台積電可以左右台灣的房價?,Gosssiping
135,[新聞]萬一「台灣有事」沖繩12萬人須避難 日官房,Gosssiping
136,[問卦] 女明星會穿阿嬤內褲嗎？,Gosssiping
137,[問卦] 台科自助餐漲太多了吧？,Gosssiping
138,[新聞] 獨／標示不實液蛋流向出爐 知名食品大廠,Gosssiping
139,[新聞] 民調／藍白能合？賴清德42.62%穩第一　柯,Gosssiping
140,[問卦] 當甘迺迪的副總統不也很爽嗎？,Gosssiping
141,[新聞] 「桃園不做，高雄來做」高市議員張博洋籲,Gosssiping
142,[問卦] 「治喪期間」四字是否無敵？,Gosssiping
143,Re: [新聞] 公車開太快猛急煞！　乘客起身準備下車..,Gosssiping
144,Re: [問卦] 讀書是翻轉階級的唯一方法？,Gosssiping
145,[新聞] 柯文哲談潛艦國造1句話！486先生傻眼,Gosssiping
146,[新聞] 柯美蘭自稱素食主義者被抓包PO「連吃烤,Gosssiping
147,[問卦] 黃皮膚去中東是不是很安全？,Gosssiping
148,[問卦] 40歲大叔練瑜珈也能變軟Q嗎？,Gosssiping
149,Re: [新聞] 郭台銘捐千萬成立「郭爸爸希望基金」！連,Gosssiping
150,[問卦] 真的有人喜歡小屌肥宅嗎？,Gosssiping
151,Re: [問卦] 鑽石其實根本不值錢？,Gosssiping
152,[問卦] 以前台女是不是都不挑的,Gosssiping
153,Re: [問卦] 台灣高樓搬家有這樣的嗎？,Gosssiping
154,[問卦] 4x歲大叔 怎麼娶到老婆的?,Gosssiping
155,Re: [問卦] 真的有人只喜歡平胸的女生嗎？,Gosssiping
156,Re: [新聞] 陳佩琪：若柯當選出訪當女伴 雖像「花瓶,Gosssiping
157,[新聞] 少子化多嚴重？他見母校一幕超震撼：湊不,Gosssiping
158,[問卦] 秋老虎也太凶了吧,Gosssiping
159,[問卦] 志明甚麼來頭 ?,Gosssiping
160,[問卦] 包莖能練九陽神功嗎？,Gosssiping
161,[問卦] 台電客服是不是都一副高高在上的樣子,Gosssiping
162,Re: [問卦] 真的有人只喜歡平胸的女生嗎？,Gosssiping
163,[新聞] 台南警「劈腿4女」集夢幻職業！激戰偷拍4,Gosssiping
164,[問卦] 有沒有一早就有人在車廂失控的八卦,Gosssiping
165,[問卦] 婦產科醫生會性冷感嗎？,Gosssiping
166,[問卦] 跑馬拉松二三名在搶水？,Gosssiping
167,[問卦] 問路搭訕女生 可行嘛？？,Gosssiping
168,[問卦] 台灣高樓搬家有這樣的嗎？,Gosssiping
169,[問卦] YT影片播放器被封鎖會怎樣??,Gosssiping
170,[新聞] 戴佩妮歌詞改1字 感情觀轉彎,Gosssiping
171,[問卦] 捷運為什麼會蓋成彎來彎去??,Gosssiping
172,[問卦] 女同事喝到我的咖啡還繼續喝，算交往？,Gosssiping
173,[新聞] 疑租賃倉庫糾紛打群架 嘉義水上1死2傷,Gosssiping
174,[問卦] 安芝儇為什麼不加入富邦,Gosssiping
175,[問卦] 哈瑪斯看到挺哈外國人會照殺嗎？,Gosssiping
176,Re: [新聞] 快訊／民眾黨堅持全民調　金溥聰：若,Gosssiping
177,[問卦] 需要握扶手要看哪一科?,Gosssiping
178,[新聞] 港湖泛綠分裂！賴清德幫高嘉瑜站台 吳欣岱場外發文宣,Gosssiping
179,[問卦] 鑽石其實根本不值錢？,Gosssiping
180,Re: [新聞] 快訊／民眾黨堅持全民調　金溥聰：若,Gosssiping
181,[問卦] 以色列是類似蝙蝠俠的存在嗎？,Gosssiping
182,[問卦] 地鐵484台灣唯一0負評的交通運輸？,Gosssiping
183,[問卦] 猶太人是世界的幕後爸爸喔？,Gosssiping
184,[問卦] 女生比較喜歡手搖飲料,Gosssiping
185,[問卦] 起床發現手握著自己的陰莖,Gosssiping
186,[問卦] 31處男二次感冒要看醫生嗎,Gosssiping
187,Re: [新聞] 快訊／民眾黨堅持全民調　金溥聰：若,Gosssiping
188,[新聞] 「心累」新北公務員5年682人辭職,Gosssiping
189,[問卦] 竹科新貴 不生小孩了？,Gosssiping
190,Re: [問卦] 讀書是翻轉階級的唯一方法？,Gosssiping
191,[問卦] 真的有人只喜歡平胸的女生嗎？,Gosssiping
192,Re: [問卦] 讀書是翻轉階級的唯一方法？,Gosssiping
193,[問卦] 其實我們都是有錢人的後代吧？,Gosssiping
194,[問卦] 爆發戰爭我國平民的疏散計劃?,Gosssiping
195,[問卦] 天氣是不是變冷了阿,Gosssiping
196,Re: [問卦] 日本四國為什麼都沒什麼人去？,Gosssiping
197,[新聞] 公車開太快猛急煞！　乘客起身準備下車..,Gosssiping
198,Re: [新聞] 快訊／民眾黨堅持全民調　金溥聰：若,Gosssiping
199,Re: [問卦] 炸醫院這波誰會大翻車？,Gosssiping
200,[新聞] 劈腿4女偷拍 服刑後重新考上警察,Gosssiping
201,[問卦] 以色列人敢不回國嗎？,Gosssiping
202,[新聞] 美常春藤名校學生多同情哈瑪斯　猶太政,Gosssiping
203,Re: [問卦] 讀書是翻轉階級的唯一方法？,Gosssiping
204,Re: [問卦] 有沒有可能中國俄羅斯才是正義,Gosssiping
205,Re: [問卦] 女友欠30萬 現在已經沒有辦法了...,Gosssiping
206,[新聞] 統一發票明年預算增3成 獎金支出大幅提,Gosssiping
207,[問卦] 為自己認同道歉的大航海時代來了嗎？,Gosssiping
208,[問卦] 有沒有中共很可愛的八卦,Gosssiping
209,Re: [問卦] 讀書是翻轉階級的唯一方法？,Gosssiping
210,[問卦] FBI是不是特偵組啊,Gosssiping
211,[問卦]  PTT永久水桶是不是一個榥子,Gosssiping
212,Re: [新聞] 台中市人口破284萬 彰化遷入7546人最多,Gosssiping
213,[問卦] 美國的財富真的都掌握在猶太人手上嗎,Gosssiping
214,[新聞] 邱國正：避免戰爭在本島發生,Gosssiping
215,[問卦] 女同事問我 如果我去你會去嗎 代表？,Gosssiping
216,[問卦] 克拉克炸到醫院會說什麼,Gosssiping
217,Re: [問卦] 讀書是翻轉階級的唯一方法？,Gosssiping
218,[問卦] 31處男在台北一定交不到女朋友怎麼辦,Gosssiping
219,[問卦] 千金大小姐都玩很大嗎?,Gosssiping
220,[新聞] 日本小學生畢旅訪花蓮 品嚐臭豆腐及體驗,Gosssiping
221,[問卦] 這是科爾鴨嗎,Gosssiping
222,Re: [問卦] 先進國家為何不引入紅綠燈倒數顯示功能,Gosssiping
223,[新聞] 拜登訪問前夕 以色列空襲加薩醫院500人,Gosssiping
224,[問卦] 去小北百貨買到潤髮精有多幹？,Gosssiping
225,[新聞] 人妻對小王說卵巢痛、騎你頂太… 大學師,Gosssiping
226,Re: [新聞] 拜登訪問前夕 以色列空襲加薩醫院500人,Gosssiping
227,[新聞] 純市話調查 柯文哲、侯友宜支持度僅差0.8,Gosssiping
228,[問卦] 阿拉和耶和華算一個上帝各自表述嗎,Gosssiping
229,Re: [新聞] 推演大陸貿易壁壘調查最悲觀情境 ECFA終,Gosssiping
230,Re: [問卦] 日本四國有什麼好玩的?,Gosssiping
231,[問卦] 軍武板到底什麼人在看,Gosssiping
232,Re: [爆卦] 以色列炸到醫院,Gosssiping
233,[新聞] 柯文哲戲謔、訕笑模仿陳菊　學者怒批,Gosssiping
234,[問卦] 隔壁搬來的鄰居一直纏著我,Gosssiping
235,Re: [新聞] 嚴凱泰生前熱愛名錶 廠商「量身打造」,Gosssiping
236,[問卦] 有沒有可能中國俄羅斯才是正義,Gosssiping
237,[新聞] 役男入伍前夕酒駕還甩鍋女友 遭警打臉秒,Gosssiping
238,Re: [爆卦] 以色列炸到醫院,Gosssiping
239,Re: [問卦] 法官怎麼會違法判決，問題在那兒,Gosssiping
240,[新聞] 投訴國中「服儀規定」! 匿名校友版主遭,Gosssiping
241,[問卦] 你試過失業最久是多久,Gosssiping
242,[新聞] 簽書會立委致詞「永遠的院長」 蘇貞昌自,Gosssiping
243,[問卦] 炸醫院這波誰會大翻車？,Gosssiping
244,[新聞] 賴清德廟口開講 基進吳欣岱場外發扇子 ,Gosssiping
245,[新聞] 重陽節將至 蔡英文總統下午探視百歲人瑞,Gosssiping
246,[問卦] 操雞掰 就是以色列炸的醫院吧,Gosssiping
247,[新聞] 桃園議員詹江村 踢爆綠營兩面手法,Gosssiping
248,[新聞] 全教產控 黨產會將政黨紛爭帶入校園,Gosssiping
249,[問卦] 以色列有神力女超人 台灣有？,Gosssiping
250,Re: [問卦] 台灣挺俄挺哈瑪斯的很多？,Gosssiping
251,[問卦] 為什麼巴基斯坦有核彈 巴勒斯坦沒有?,Gosssiping
252,[問卦] 憂鬱症是不是被網紅污名化？,Gosssiping
253,Re: [問卦] 讀書是翻轉階級的唯一方法？,Gosssiping
254,[新聞] 拚總統連署涉賄 新埔鎮代會主席收押,Gosssiping
255,Re: [新聞] 批「民主初選 」3大不可行 黃珊珊：再協商也不會有結果,Gosssiping
256,[新聞] 台海若開戰誰先撤？沖繩避無可避、不允,Gosssiping
257,Re: [問卦] 上帝降下大洪水後為啥還有其他人?,Gosssiping
258,Re: [新聞] 快訊／民眾黨堅持全民調　金溥聰：若,Gosssiping
259,[參選] panex0845 農場標題殺手,Gosssiping
260,[問卦] 太陽花遇到美豬洗產地會怎樣?,Gosssiping
261,[問卦] 吳彥祖這髮型,Gosssiping
262,[爆卦] 以色列轟炸ＧＡＺＡ醫院,Gosssiping
263,[新聞] 李鴻源質疑口罩國家隊大賺回扣 王美花批,Gosssiping
264,[問卦] 以色列說醫院不是他們炸的 怎解,Gosssiping
265,Re: [新聞] 幫高嘉瑜連唱4遍生日歌 賴清德掛保證：,Gosssiping
266,[問卦] 慟！Xperia 5 II 螢幕出現綠線了,Gosssiping
267,[問卦] 法官怎麼會違法判決，問題在那兒,Gosssiping
268,Re: [問卦] 以色列說醫院不是他們炸的 怎解,Gosssiping
269,[新聞]港湖泛綠雙姝怨!高嘉瑜、吳欣岱爭挺賴正統,Gosssiping
270,Re: [新聞] 快訊／民眾黨堅持全民調　金溥聰：若,Gosssiping
271,[問卦] 讀書是翻轉階級的唯一方法？,Gosssiping
272,Re: [問卦] 讀書是翻轉階級的唯一方法？,Gosssiping
273,[問卦] 如果你是上帝會選哪邊？,Gosssiping
274,[問卦] 幹你娘中東 這次油價真的要漲了,Gosssiping
275,[新聞] 大樂透頭獎1注獨得1.95億 獎落高雄,Gosssiping
276,[問卦] 樓下停車場車子警報器狂響,Gosssiping
277,Re: [問卦] 愛新覺羅腦袋還好嗎,Gosssiping
278,Re: [問卦] 有鄉民認識道士嗎？,Gosssiping
279,[問卦] 幸好台灣沒有宗教狂熱,Gosssiping
280,Re: [爆卦] (影片）以色列炸到醫院,Gosssiping
281,Re: [新聞] 快訊／民眾黨堅持全民調　金溥聰：若,Gosssiping
282,Re: [問卦] 以色列國防部長命令軍隊殺死每一個看到的,Gosssiping
283,[問卦] 感覺好孤單，該怎麼認識新朋友,Gosssiping
284,[爆卦] 新店火災已撲滅,Gosssiping
285,Re: [問卦] 以色列國防部長命令軍隊殺死每一個看到的,Gosssiping
286,[問卦] 以色列炸醫院 是巴勒斯坦人該還的吧?,Gosssiping
287,[問卦] 英國會想奪回諾曼地嗎,Gosssiping
288,[參選]  天主說一定要幫助 EVEA   ( 頭香 ),Gosssiping
289,[問卦] 納粹德國當年真的守不住諾曼第嗎?,Gosssiping
290,Re: [問卦] 阿滴屌打那個假英國人對吧？,Gosssiping
291,[問卦] 台北101大樓預估壽命有多久,Gosssiping
292,Re: [新聞] 阿滴親考3大英文檢定！　「超鬼分數」全,Gosssiping
293,[問卦] 我的手握著方向盤,Gosssiping
294,[新聞] 幫高嘉瑜連唱4遍生日歌 賴清德掛保證：,Gosssiping
295,[爆卦] 以色列炸到醫院,Gosssiping
296,[新聞] 史上首例！士林法院民事合議庭爆內鬨　庭,Gosssiping
297,Re: [問卦] 都是美國的兒子 為何以色列比台灣屌很多,Gosssiping
298,[問卦] 暗黑4第二賽季延後開服了,Gosssiping
299,[問卦] 身邊的人用的iPhone最早是第幾代？,Gosssiping
300,Re: [爆卦] 以色列炸到醫院,Gosssiping
301,Re: [新聞] 快訊／民眾黨堅持全民調　金溥聰：若,Gosssiping
302,Re: [新聞] 無認證的爆閃燈濫設於各大路口！王國材推諉地方　立委批,Gosssiping
303,Re: [問卦] 工作被罵修個熱水器又噴該4千5如何釋懷？,Gosssiping
304,[問卦] 阿滴屌打那個假英國人對吧？,Gosssiping
305,Re: [新聞] 快訊／民眾黨堅持全民調　金溥聰：若,Gosssiping
306,Re: [新聞] 快訊／民眾黨堅持全民調　金溥聰：若,Gosssiping
307,Re: [新聞] 快訊／民眾黨堅持全民調　金溥聰：若只,Gosssiping
308,[問卦] 多米多羅什麼時候介紹咒術大便作？,Gosssiping
309,Re: [問卦] 以色列怎麼敢在聯合國拿聖經當地契 ,Gosssiping
310,[問卦] 戰爭是先打的錯還是反殺的錯？,Gosssiping
311,Re: [爆卦] 以色列炸到醫院,Gosssiping
312,Re: [新聞] 快訊／民眾黨堅持全民調　金溥聰：若,Gosssiping
313,[問卦] 麻辣鮮師馬拉松會有人看嗎?,Gosssiping
314,[問卦] 以色列國防部長命令軍隊殺死每一個看到的,Gosssiping
315,[問卦] 黃任中當年有多屌？？,Gosssiping
316,[問卦] 失去人生的目標怎麼辦？,Gosssiping
317,[問卦] 跟男生進展這樣算好嗎,Gosssiping
318,Re: [新聞] 阿滴親考3大英文檢定！　「超鬼分數」全,Gosssiping
319,[問卦] 連10公斤電池都拿不動，適合騎車嗎?,Gosssiping
320,[問卦] 會噓阿滴的人很眼紅是吧？,Gosssiping
321,Re: [問卦] 殭屍病毒做得出來嗎,Gosssiping
322,[問卦] 婚姻板的故事為什麼都那麼慘烈,Gosssiping
323,[問卦] 為何國外女權支持性專區台灣相反？,Gosssiping
324,[問卦] 6G會改變生活嗎？,Gosssiping
325,[問卦] 智慧音箱只有大廠的可以用嗎,Gosssiping
326,[問卦] 素還真和八趾麒麟是啥關係？,Gosssiping
327,Re: [問卦] 都是美國的兒子 為何以色列比台灣屌很多,Gosssiping
328,Re: [新聞] 快訊／民眾黨堅持全民調　金溥聰：若,Gosssiping
329,[新聞] 你家「貓貓狗狗便便」也丟馬桶沖掉？　獸,Gosssiping
330,[問卦] 以色列空襲聯合國學校建築跟醫院,Gosssiping
331,[問卦] 愛新覺羅腦袋還好嗎,Gosssiping
332,[問卦] 殭屍病毒做得出來嗎,Gosssiping
333,Re: [新聞] 金溥聰質疑黃珊珊代表誰？ 柯辦回嗆：,Gosssiping
334,[問卦] 正副談不攏各兩年行否?,Gosssiping
335,[問卦] 每個112學生都有配ptt帳號嗎？,Gosssiping
336,[問卦] 爸爸問我每次經過我房間我都在看桌面,Gosssiping
337,Re: [問卦] 都是美國的兒子 為何以色列比台灣屌很多,Gosssiping
338,[新聞] 民眾黨團推中央特別囤房稅 引導空屋租售,Gosssiping
339,Re: [問卦] 殭屍病毒做得出來嗎,Gosssiping
340,Re: [新聞] 囤房稅2.0上限調高至10%？財部：稅率,Gosssiping
341,[新聞] 獨》台積電「被宣布」進龍科！破局不意,Gosssiping
342,[問卦] 今天是不屑紀念日嗎？,Gosssiping
343,[問卦] 基層警察是不是程度很差啊,Gosssiping
344,[新聞] 丹麥羽球賽戴資穎首輪過關 生涯第499勝到,Gosssiping
345,"[問卦]1個月了,賺60億巴西蛋要公布沒?",Gosssiping
346,Re: [問卦] 吃館長便當吃到烙賽是正常的嗎,Gosssiping
347,Re: [新聞] 賴清德挺「還路於民」大加碼 2030道路死,Gosssiping
348,[問卦] 沒人發現健保都不知道怎麼持續運作的嗎！,Gosssiping
349,Re: [問卦] 都是美國的兒子 為何以色列比台灣屌很多,Gosssiping
350,[問卦] 好像容易被女生討厭,Gosssiping
351,Re: [問卦] 殭屍病毒做得出來嗎,Gosssiping
352,Re: [問卦] 40大叔開始吃瑪卡，還有救嗎？,Gosssiping
353,[問卦] 妳我約定難過的往事不許提,Gosssiping
354,[問卦] 這個直播主484哪裡怪怪的,Gosssiping
355,[問卦] 臺灣怎麼連貨車串燒都跟日本差不多,Gosssiping
356,[新聞] 真人版灰姑娘？丹麥王子生日宴會尋獲高跟,Gosssiping
357,[問卦] 有沒有Garmin運動錶的八卦？,Gosssiping
358,Re: [新聞] 快訊／民眾黨堅持全民調　金溥聰：若只,Gosssiping
359,Re: [新聞] 阿滴親考3大英文檢定！　「超鬼分數」全,Gosssiping
360,[問卦] 人類要何時才能走出森林?,Gosssiping
361,[問卦] 巴薩隆納跟馬德里是不是也會互戰阿,Gosssiping
362,[問卦] 中國的航母戰鬥群怎不前往中東？,Gosssiping
363,[問卦] 能幹貓是因為主人太廢才會憂鬱嗎？,Gosssiping
364,Re: [新聞] 阿滴親考3大英文檢定！　「超鬼分數」全,Gosssiping
365,[問卦] 全廉是不是被盜帳號？,Gosssiping
366,Re: [新聞] 嚴凱泰生前熱愛名錶 廠商「量身打造」,Gosssiping
367,[問卦] 目前關於宇宙最新的發現是什麼？,Gosssiping
368,Re: [新聞] 快訊／民眾黨堅持全民調　金溥聰：若只,Gosssiping
369,[問卦] 有什麼老動漫很適合改編遊戲？,Gosssiping
370,[問卦] 爸爸很窮的話，孩子一定要出國打工？,Gosssiping
371,[問卦] 喔 幹 剛去超商發現一個超緊瑜珈褲妹子,Gosssiping
372,Re: [問卦] 為何沒飯局弟?,Gosssiping
373,[問卦] 如何讓台灣變成”當兵王國“,Gosssiping
374,[問卦] 處男比例最高的大學是哪間,Gosssiping
375,[問卦] 在台灣買露營車不划算吧？,Gosssiping
376,[新聞] 囤房稅2.0上限調高至10%？財部：稅率訂定,Gosssiping
377,[問卦] 有沒有造勢的八卦啊？,Gosssiping
378,[問卦] 逆著風也要飛翔 很辛苦也要堅強,Gosssiping
379,[新聞] 年輕人為何不投國民黨？　挺韓媒體人點名,Gosssiping
380,[問卦] 科技業不是很凍嗎，就業博覽會是？,Gosssiping
381,[問卦] 女同事:都你啦，害我變胖 :(,Gosssiping
382,Re: [問卦] 為何沒飯局弟?,Gosssiping
383,Re: [新聞] 快訊／民眾黨堅持全民調　金溥聰：若只,Gosssiping
384,[新聞] 柏文拓點不停歇,Gosssiping
385,Re: [新聞] 快訊／民眾黨堅持全民調　金溥聰：若,Gosssiping
386,Re: [新聞] 樹林公園街友遭陌生人爆砍濺血　「手指斷,Gosssiping
387,[新聞] 嚴凱泰生前熱愛名錶 廠商「量身打造」,Gosssiping
388,[問卦] 講到美少女，你會直覺想到誰,Gosssiping
389,[問卦] 詐騙養比較多人還是台積電？,Gosssiping
390,[新聞] 賴清德讚王世堅有民主DNA 開嗓唱歌慶高,Gosssiping
0,Re: [標的] 3715 定穎投控,Stock
1,Re: [標的]3715定穎投控小心空,Stock
2,[新聞] 黃仁勳來台 專家：輝達與鴻海在電動車有合作空間,Stock
3,[新聞] 倫飛前八月3.59元 逾24年高點,Stock
4,[新聞] 拜登考慮1000億美元追加預算 國防援助以,Stock
5,[閒聊] 2023/10/18 盤中閒聊,Stock
6,[新聞] 威剛Q3稅前獲利大躍進 累計前三季每股稅,Stock
7,[新聞] 台泥完成260億元國際籌資 首家企業成功發,Stock
8,[標的] 3094 聯傑 多,Stock
9,[新聞] Nvidia 說可能被迫撤出部分國家 產品開發延後 因美擴大晶片,Stock
10,[公告] 股票板板規 v4.3 (2023/04/30 修正),Stock
11,[公告] 08/20 處置公告＋板務宣導,Stock
12,[公告] 禁止未經申請的付費軟體之創作文,Stock
13,[閒聊] 2023/10/18 盤中閒聊,Stock
14,[新聞] 0056確定配1.2元 配息組成全公開 10月吸,Stock
15,[情報] 2363 矽統 第一次處置,Stock
16,[新聞] 台股三類基金 績效勇,Stock
17,[情報] 112/10/17 八大公股銀行買賣超排行,Stock
18,Re: [新聞] Coupang狠踩momo、PChome！它怎敢挾百億,Stock
19,[標的] 2363.TW 矽統被軋爆,Stock
20,[情報] 2323 中環 子公司處分矽統普通股,Stock
21,[新聞] 宏達電遭告侵權須賠2.86億　公司回應了,Stock
22,[情報] 1017 上市櫃外資投信買超金額排行,Stock
23,[情報] 1017 上市櫃外資投信同買排行,Stock
24,[請益] 元宇宙概念股，買哪支比較有潛力,Stock
25,[請益] 以軍開進加薩大戰後盤勢,Stock
26,[新聞] 美國9月零售銷售成長0.7% 強於預期,Stock
27,[請益] 請問有雙重國籍朋友用過Schwab嗎,Stock
28,[標的] 6706 惠特 空,Stock
29,[新聞] 山富兩度更正9月營收導致股價大波動 遭櫃買罰60萬,Stock
30,[情報] 112年10月17日信用交易統計,Stock
31,[新聞] World Gym有股票了！ 證交所董事會今通,Stock
32,[新聞] 美擴大限制輝達晶片銷陸 輝達早盤急挫6%,Stock
33,[新聞] iPhone 16新亮點！　外媒爆A18晶片全採,Stock
34,[新聞] AI股首選？女股神：特斯拉比輝達更棒！,Stock
35,[新聞] AI股跳水網喊「買緯創身心受創」 專家：,Stock
36,[標的] 2107.TW 厚生 跟著大股東一起買進（多）,Stock
37,Re: [新聞] 蘋果i15在中國開局令人失望 華為奪走市,Stock
38,Re: [新聞] 台積電龍潭擴廠生變 國發會：中科、高雄,Stock
39,[閒聊] 2023/10/17 盤後閒聊,Stock
40,[情報] 1017 上市投信買賣超排行,Stock
41,[情報] 112年10月17日 三大法人買賣金額統計表,Stock
42,[情報] 0056 2023年10月配息組成公告,Stock
43,[情報] 三商壽112年前三季自結EPS:-0.46,Stock
44,[情報] 1017 上市外資買賣超排行,Stock
45,[情報] 112年10月17日 櫃買法人買賣金額統計表,Stock
46,[新聞] 00922將配0.57元股息！明天最後買進日　,Stock
47,[標的] 3293.TWO 鈊象 心得(可跟保羅一起停利了),Stock
48,[標的] 大盤 機器學習線仙空,Stock
49,Re: [標的] 大家認為2618長榮航的支撐價在哪?,Stock
50,[新聞] 台積電中科廠交地進度提前 可能進階為1奈,Stock
51,[新聞] 蘋果i15在中國開局令人失望 華為奪走市,Stock
52,[新聞] 台積電今年展望不會再下修，Q4有望優預,Stock
53,[標的] 小那+小道 空一個估值修正,Stock
54,[新聞] 黃天牧信心喊話 台股基本面佳,Stock
55,[新聞] 月配高股息ETF報到！00934今開募 3策略,Stock
56,[情報] 熱門ETF 2023年1~9月內扣費用率,Stock
57,[新聞] 通膨、高利率重傷美國經濟,Stock
58,[閒聊] 2023/10/17 盤中閒聊,Stock
59,Re: [新聞] 通膨、高利率重傷美國經濟,Stock
60,[新聞] 美財長葉倫：高利率可能持續下去 ,Stock
61,[標的] 大家認為2618長榮航的支撐價在哪?,Stock
62,[新聞] 台積電今正式宣告：不再考慮進駐龍潭園區,Stock
63,[新聞] 錢坑→金雞母 台鐵公司化 資產翻五倍,Stock
64,[請益] 半導體趨勢,Stock
65,[新聞] 威盛：搭上AI列車 法人青睞,Stock
66,[新聞] 台積電龍潭擴廠生變 國發會：中科、高雄,Stock
67,[請益] AI只剩IC設計強？,Stock
68,[請益] 關於公股銀行&官股銀行買賣超疑問,Stock
69,[標的] 3231緯創發生什麼事了,Stock
70,"[新聞] AI狂潮未衰？創意外資喊目標1,920元",Stock
71,[情報] 112/10/16 八大公股銀行買賣超排行,Stock
72,[標的] 3293.TWO  鈊象 保羅重出江湖多,Stock
73,[請益] 配股有可能配錯嗎,Stock
74,[情報] 集保App 用戶意見調查 （統一修改匯款帳戶）,Stock
75,[情報] 6446 藥華藥 擬申請股票轉上市,Stock
76,[情報] 1016 上市櫃外資投信買超金額排行,Stock
77,[情報] 1016 上市櫃外資投信同買排行,Stock
78,[新聞] 投資鑽石生技成9月唯一虧損金控　台新金,Stock
79,[情報] 112年10月16日信用交易統計,Stock
80,[新聞] 長榮航空遭控要空服員發「曖昧詩卡」 乘-,Stock
81,[標的]  00687B 哲哲買了三千萬美債etf,Stock
82,[新聞] 10月ETF除息秀登場 殖利率、績效一次掌握,Stock
83,[新聞] UAW罷工衝擊汽車業 法人對東陽最新評估出,Stock
84,Re: [新聞] 長榮航空遭控要空服員發「曖昧詩卡」 乘-,Stock
85,[標的]3715定穎投控小心空,Stock
86,[新聞] 摩根大通CEO警告：全球恐迎幾十年來「最,Stock
87,Re: [標的] 3715 定穎投控,Stock
88,[公告] 10/16 處置公告,Stock
89,[新聞] 以巴衝突衝擊 黃天牧喊話：台股可爬過憂,Stock
90,[新聞] 國發會龔明鑫：有信心今年GDP保1　惟以,Stock
91,[新聞] Coupang狠踩momo、PChome！它怎敢挾百億,Stock
92,[新聞] 00936台新永續高息中小ETF 今開募,Stock
93,[新聞] 力積電赴日設廠傳落腳三重縣 就等當地官,Stock
94,[新聞] 黃仁勳現身夜市 群眾合照大讚台股穩了,Stock
95,Re: [標的] 2363矽統董座多,Stock
96,[閒聊] 2023/10/16 盤後閒聊,Stock
97,[新聞] 元大加權ETN上市 連結指數成分股超過900,Stock
98,[新聞] 元大復華高息ETF 搶手,Stock
99,[新聞] 陸客今年確定來不了！王國材認：只能看明,Stock
100,[創作]多愛我一天,Stock
101,[情報] 1016 上市投信買賣超排行,Stock
102,[請益]  現在到2025年投資標的,Stock
103,[情報] 112年10月16日 三大法人買賣金額統計表,Stock
104,[情報] 112年10月16日 櫃買法人買賣金額統計表,Stock
105,Re: [標的] 3715 定穎投控,Stock
106,[新聞] 宏達電續拓XR、VIVERSE生態圈，布局元城,Stock
107,[新聞] 台新金總座：鑽石生技短期賣壓會結束,Stock
108,[情報] 1016 上市外資買賣超排行,Stock
109,Re: [請益] 1795美時 之前沒有停損的下場,Stock
110,Re: [心得] 做過什麼事轉運？,Stock
111,[新聞] 詐騙廣告 平台24小時不下架立即罰,Stock
112,[標的] 3078 僑威 空,Stock
113,Re: [心得] 做過什麼事轉運？,Stock
114,Re: [請益] 1795美時 之前沒有停損的下場,Stock
115,[新聞] 面板雙虎9月營收佳 法人保守看Q4原因曝光,Stock
116,[新聞] 國旅房價飆漲超越疫前 旅館上半年住用率,Stock
117,[新聞] 鴻海帶勁 高盛喊優先買進 目標價上修至149元,Stock
118,[新聞] 聯準會暴力升息 美國迎來13年來最大破產,Stock
119,[新聞] 倫飛 外資加碼力挺,Stock
120,[新聞] 榮剛前3季營收突破百億創同期新高　在手,Stock
121,[情報] 這是假消息！！網傳「高端流感疫苗沒有做第三期臨床試驗」,Stock
122,[新聞] 國家隊救場未奏效 A股再失守3100點,Stock
123,[請益] 台積電出借只有0.3%?,Stock
124,[閒聊] 2023/10/16 盤中閒聊,Stock
125,[新聞] 輝達H800恐遭限？傳美擬加碼AI晶片對中限,Stock
126,Re: [新聞] 遊戲史上最大交易案過關：微軟成功收購動視暴雪，系列,Stock
127,[新聞] 收購破局！　台中銀宣布終止併購美銀行計,Stock
128,[公告] 10/14 處置公告 其之二,Stock
129,[新聞] 美對中出口管制 台積電爭取無限期豁免,Stock
130,[新聞] 智慧能源周、淨零永續展10月登場 貿協：,Stock
131,[新聞] 大陸證監會14日發布股市「限空令」,Stock
132,[新聞] 遊戲史上最大交易案過關：微軟成功收購動視暴雪，系列遊戲將,Stock
133,Re: [新聞] 遊戲史上最大交易案過關：微軟成功收購動視暴雪，系列,Stock
134,[新聞] 力拚ASML！佳能開賣晶片製造新設備,Stock
135,Re: [新聞] 遊戲史上最大交易案過關：微軟成功收購動視暴雪，系列,Stock
136,Re: [標的] 2543皇昌 三年漲兩倍多,Stock
137,Re: [請益] 1795美時 之前沒有停損的下場,Stock
138,[新聞] Q4趨吉避凶 平衡配置股債ETF,Stock
139,[新聞] ChatGPT手機要來了！OpenAI、蘋果、軟銀A,Stock
140,[請益] 長榮前兩季稅率高達60%?,Stock
141,[新聞] 野村：台股大選前3個月平均漲6.23%,Stock
142,[心得] 做過什麼事轉運？,Stock
143,[請益] 美元保單換美債？,Stock
144,[標的]9955佳龍 以哈衝突 黃金大漲 多,Stock
145,[新聞] 一週熱門零股 聯發科 矽統 廣達 進十強,Stock
146,Re: [請益] 1795美時 之前沒有停損的下場,Stock
147,Re: [請益] 1795美時 之前沒有停損的下場,Stock
148,Re: [請益] 1795美時 之前沒有停損的下場,Stock
149,[新聞] 女股神：AI反通膨能力超過任何利率變化帶,Stock
150,[公告] 10/14 處置公告,Stock
151,[新聞] 中國房市救不起！ 地產、水泥業將裁員40,Stock
152,Re: [請益] 1795美時 之前沒有停損的下場,Stock
153,Re: [請益] 1795美時 之前沒有停損的下場,Stock
154,Re: [標的] 00715L 期街口布蘭特正2 投機多,Stock
155,Re: [請益] 1795美時 之前沒有停損的下場,Stock
156,[新聞] 張忠謀：台積電未來幾年挑戰恐更為嚴峻,Stock
157,[心得]10/16~10/20 美股財報&經濟數據行事曆,Stock
158,[新聞] 台積電 2 奈米高雄廠，規劃量產 N2P,Stock
159,[請益] 股權分配的書籍,Stock
160,[標的] 1314.TW 中石化 地板多,Stock
161,Re: [請益] 1795美時 之前沒有停損的下場,Stock
162,[情報] 2812 台中銀 終止美國大陸銀行收購案,Stock
163,[新聞] 張忠謀點名日本半導體成功機會大 預言,Stock
164,[新聞] 急轉彎！ 龍科3期驚傳「台積電放棄設廠」,Stock
165,[情報] 112/10/13 八大公股銀行買賣超排行,Stock
166,[新聞] 前9月總稅收近2.8兆 證交稅估10月提前達,Stock
167,[情報] 1013 上市櫃外資投信買超金額排行,Stock
168,[情報] 1013 上市櫃外資投信同買排行,Stock
169,[請益] 1795美時 之前沒有停損的下場,Stock
170,[情報] 1432 大魯閣 本公司總經理收到臺灣士林地,Stock
171,[新聞] 山富漲停後9月營收二度更正 董事長解釋,Stock
172,Re: [請益] 1795美時 之前沒有停損的下場,Stock
173,Re: [請益] 1795美時 之前沒有停損的下場,Stock
174,[新聞] 2020年來最慘的一天！30年期美債殖利率又,Stock
175,Re: [標的] 3526 凡甲 多,Stock
176,Re: [請益] 1795美時 之前沒有停損的下場,Stock
177,Re: [新聞] 2020年來最慘的一天！30年期美債殖利率又,Stock
178,[情報] 112年10月13日信用交易統計,Stock
179,Re: [請益] 1795美時 之前沒有停損的下場,Stock
180,[心得] 在股市裡，「偷看答案」有用嗎?,Stock
181,[標的] 2330 台積 法說前討論,Stock
182,[新聞] 傳力積電晶圓廠獲日本政府補助　金額上,Stock
183,[新聞] 水手福氣啦！SCFI止跌了 運價出現築底訊,Stock
184,[閒聊] 2023/10/13 盤後閒聊,Stock
185,Re: [心得] 政府護盤對空方根本不公平,Stock
186,[情報] 1013 上市投信買賣超排行,Stock
187,Re: [標的] 3045.TW 台灣大,Stock
188,[情報] SCFI 20231013 891.55 +4.7(+0.53%),Stock
189,[情報] 112年10月13日 三大法人買賣金額統計表,Stock
190,[新聞] 00929「穩定月配＋速填息」贏投資人心！-,Stock
191,[請益] 如果打仗，戰爭完會開盤嗎？ ,Stock
192,[新聞] 焦點股》中工：鴻海包下雲宇宙AI園區,Stock
193,[情報] 112年10月13日 櫃買法人買賣金額統計表,Stock
194,[請益] 哪家軟體可大量查詢均價?,Stock
195,[情報] 1013 上市外資買賣超排行,Stock
196,[情報] 6461 益得 4192 杏國 現金增資公開申購資,Stock
197,Re: [標的] 3715 定穎投控  強力買,Stock
198,[情報] 2457 飛宏 現金增資公開申購資訊,Stock
199,[創作] 忘記你我做不到,Stock
200,Re: [請益] 如果打仗，戰爭完會開盤嗎？ ,Stock
201,Re: [標的] 3715 定穎投控,Stock
202,[請益] 美國長債/公債ETF 選擇分配,Stock
203,[標的] 大盤，日幣升值多？,Stock
204,[新聞] 中華電攜國際夥伴攻6G,Stock
205,Re: [心得] 政府護盤對空方根本不公平,Stock
206,[新聞] 大立光法說 釋追單利多…董座透露高階鏡,Stock
207,Re: [心得] 政府護盤對空方根本不公平,Stock
208,[閒聊] 2023/10/13 盤中閒聊,Stock
209,Re: [標的] 2364倫飛 在野團結多,Stock
210,[新聞] 散熱火紅 大和資本點名奇鋐,Stock
211,[新聞] 鴻海傳擴大員工調薪計畫 平均幅度達4%,Stock
212,[標的] 2376.TW 技嘉 忍耐等待多,Stock
213,[新聞] 王美花：台積電美國豁免權得到展延,Stock
214,[新聞] AI伺服器需求旺 緯穎、廣達急擴產,Stock
215,Re: [心得] 政府護盤對空方根本不公平,Stock
216,[新聞] WTO秘書長：以巴衝突若蔓延 將重創全球貿,Stock
217,[新聞] 路透：拜登擬對中國海外企業實施AI晶片禁,Stock
218,[標的] 2645長榮航太 多,Stock
219,[請益] 股票出借 要怎麼設定利率,Stock
220,[標的] 廣達  2382.TW老黃來台反彈抄底多,Stock
221,[標的] 3045.TW 台灣大 ,Stock
222,[情報] 6856 鑫傳 現金增資公開申購資訊,Stock
223,[新聞] 以巴情勢衝擊台灣經貿？王美花：影響不大,Stock
224,[新聞] 輝達證實有員工遭擄　為以色列籍工程師,Stock
225,[情報] 9月CPI數據 ,Stock
226,[新聞] 美國垃圾債違約率將達2021年的6倍多？IMF,Stock
227,"[心得] 從""心""看台股",Stock
228,[新聞] 《食品股》大成斥資10億打造最大洗選蛋廠,Stock
229,[新聞] 揚秦進軍火鍋界　涮金鍋拚月營收200萬,Stock
230,[情報] 1012 上市櫃外資投信買超金額排行,Stock
231,[情報] 112年10月12日信用交易統計,Stock
232,[新聞] 中鋼研發優質磁性材料　跨入電動車、低軌,Stock
233,[情報] 1012 上市櫃外資投信同買排行,Stock
234,Re: [心得] 政府護盤對空方根本不公平,Stock
235,[新聞] 以色列股匯債市受衝擊 台灣金融業、投信,Stock
236,[請益] 美債ETF新手請問,Stock
237,[標的] 4919.TW 新唐 該換MCU多了吧,Stock
238,[請益] 一整年只漲電子不漲傳產正常嗎,Stock
239,[新聞] 碧桂園危機苦主現身 建滔遭欠近63億債務,Stock
240,[新聞] 昱展改良劑型新藥賣回原開發廠 最高權利,Stock
241,Re: [請益] 一整年只漲電子不漲傳產正常嗎,Stock
242,[新聞]三星3奈米成果仍不如預期，準備直上2奈米 ,Stock
243,[情報] 112年10月12日 櫃買法人買賣金額統計表,Stock
244,[新聞] 〈大立光法說〉Q3毛利率跌落到42.56%創42,Stock
245,[情報] 112年10月12日 三大法人買賣金額統計表,Stock
246,Re: [心得] 政府護盤對空方根本不公平,Stock
247,[情報] 1012 上市外資買賣超排行,Stock
248,[情報] 鴻海重訊：代子公司新加坡商鴻運科股份有,Stock
249,[新聞] 電信新三雄時代來了！公平會有條件通過,Stock
250,Re: [新聞] Ozempic療效奪目 引發腎透析概念股盤前,Stock
251,Re: [心得] 政府護盤對空方根本不公平,Stock
252,[新聞] 大立光林恩平老實說！3原因拖累毛利率　,Stock
253,Re: [心得] 政府護盤對空方根本不公平,Stock
254,[新聞] 附加3條件 公平會通過台灣大合併台灣之星,Stock
255,[新聞] 矽統漲停創新高價 8月每股淨損0.04元,Stock
256,[情報] 112/10/12 八大公股銀行買賣超排行,Stock
257,Re: [心得] 政府護盤對空方根本不公平,Stock
258,[請益] 00934閉鎖期?為什麼00929上市就能馬上配,Stock
259,[情報] 2743 山富 XXXXXXXXXXXXXXXXXXXXXXXXXXXX,Stock
260,[新聞] 上市公司9月營收3.4兆元衰退一成 航運、,Stock
261,[新聞] 以巴衝突 台灣金融業及投信基金曝險近178,Stock
262,[新聞] 南韓成立特別小組 避免以巴衝突波及出口,Stock
263,[情報] 裕隆 112年9月營收72.05億、年增17.66%,Stock
264,[情報] 112年 證券、期貨公司 9月自結 eps,Stock
265,[標的] 00680L 元大美債20正2,Stock
266,[新聞] 旺季到 台股ETF逢低布局,Stock
267,[新聞] Adobe發布新的AI模型 提升圖片設計功能,Stock
268,[閒聊] 2023/10/12 盤中閒聊,Stock
269,[新聞] 震撼！歐盟終止海運聯盟反壟斷豁免權,Stock
270,[新聞] 無人機國家隊成員雷虎科技參加軍工展 駐,Stock
271,[新聞] Ozempic療效奪目 引發腎透析概念股盤前,Stock
272,Re: [請益] 現在是買入債券的好時機嗎?,Stock
273,[新聞] 9月出口終翻正 台積電法說穩了 謝金河示-,Stock
274,Re: [標的] 00680L 元大美債20正2,Stock
275,[新聞] 普廷暗示 俄羅斯與OPEC+減產持續至2024,Stock
276,[標的] 2360.TW 致茂,Stock
277,[閒聊] 2023/10/12 盤後閒聊,Stock
278,[情報] 4105 東洋 9月自結 0.8 累計 3.94,Stock
279,[閒聊] 00878為何無法保證配息？,Stock
280,[情報] 1012 上市投信買賣超排行,Stock
281,[新聞] 高端總經理好友靠內線買股賺1.6萬 下場曝,Stock
282,[情報] 1011 上市櫃外資投信同買排行,Stock
283,[標的] 聯發科 2454 財測高標達標多,Stock
284,[標的] 光寶科(2301.TW),Stock
285,[情報] 美國9月份生產者物價指數ppi,Stock
286,[請益] 無人機概念股,Stock
287,[新聞] 9月出口388億元年增3.4% 翻紅終結連12黑,Stock
288,[情報] 瑞儀112年Q1-Q3合併自結兌換損益,Stock
289,Re: [標的] 992885 元大金,Stock
290,[情報] 112年10月11日信用交易統計,Stock
291,[情報] 達爾膚(6523)9月營收7638萬元，月,Stock
292,[情報] 世紀鋼 2023年9月合併營收12.46億元 年增,Stock
293,[新聞] 雷虎出席美國軍工展秀「可投彈」無人機　,Stock
294,[新聞] 碧桂園：無法如期償付境外債 已聘法律顧,Stock
295,[新聞] 國安基金出脫近6成持股 已實現獲利61.8億,Stock
296,[情報] 3711 日月光投控 9月營收,Stock
297,[新聞] 2026退出VR產業？ 宏達電聲明嚴正否認,Stock
298,[情報] 112年【9月份金控股】EPS排名(全已公布),Stock
299,[新聞] 好消息？鴻海金雞「樺漢」明清晨5時30分,Stock
300,[新聞] 永豐金證券積極減碳有成 至8月底碳排減量,Stock
301,[新聞] 中東戰火燒到AI概念股 輝達取消以色列峰會,Stock
302,[情報] 8210勤誠 9月 YoY-7.98% MoM 28.37%,Stock
303,[新聞] 郭明錤：AMD 明後年 AI 晶片出貨料快速,Stock
304,[新聞] 客戶愈多愈賠錢？AI 熱要讓科技大咖獲利,Stock
305,[情報] 2883 開發金 9月自結 0.13 累計 1.05,Stock
306,[情報] 2454聯發科9月營收 mom-14.6% yoy-36.2%,Stock
307,[情報] 2882 國泰金9月自結0.33  累計3.78,Stock
308,[情報] 2888 新光金9月自結0.02 累計-0.05,Stock
309,Re: [新聞] 華航9月、Q3、前三季營收創歷年同期新高,Stock
310,[情報] 2323 中環 取得長榮海運股票,Stock
311,[情報] 成霖 9月合併營收15.47億元 年增-4.49%,Stock
312,"[情報] 百德 9月營收 MOM+51%, YOY+32%",Stock
313,[情報] 穎漢(4562)9月營收7329萬元，月增率14.32,Stock
314,[情報] 112年【9月金控含銀行】累績EPS排行 ,Stock
315,[情報] 112/10/11 八大公股銀行買賣超排行,Stock
316,[標的] 6407 相互 歐菲光與華為概念股 多,Stock
317,[新聞] 稱AI被過度炒作 分析師預估2024年衰退,Stock
318,[新聞] 財務出問題？Booking.com拖欠住宿費2個月,Stock
319,[情報] 2618 長榮航+2610華航九月營收,Stock
320,[情報] 1011 上市櫃外資投信買超金額排行,Stock
321,[新聞] 廣達、緯創等AI股嚇甩磨？分析師爆大利多,Stock
322,[情報] 1234 黑松 112年9月,Stock
323,[情報] 3260威剛 112年9月 MOM+12.49% YOY+3.96%,Stock
324,[情報] 東哥遊艇9月營收10.2億mom+342% yoy+72%,Stock
325,[情報] 1011 上市投信買賣超排行,Stock
326,"[情報] 中鋼9月自結稅前淨利513,927千元",Stock
327,[情報] 112年10月11日 三大法人買賣金額統計表,Stock
328,[情報] 2903 遠百 9月MOM-4.89YOY-2.03%,Stock
329,[情報] 1760 喬山 9月營收 YoY 9.5% MoM 9.5%,Stock
330,[情報] 廣達112年9月營收 月減3.06%年減18.62%,Stock
331,[情報] 3661 世芯-KY 9月 MOM 17.7% YOY 98.2%,Stock
332,[新聞] 南亞科第3季虧損擴大 每股虧0.81元,Stock
333,[情報] 112年10月11日 櫃買法人買賣金額統計表,Stock
334,[新聞] Google攜PC品牌廠 跨進高階,Stock
335,[新聞] 友達 9 月營收 246 億元、年增 51%；群創,Stock
336,[情報] 4938 和碩 9月 MOM 48.7% YOY 3.1%,Stock
337,[新聞] 以巴衝突恐再推升通膨?主計長朱澤民回應,Stock
338,[情報] 富邦金112年9月自結,Stock
339,[新聞] 華航9月、Q3、前三季營收創歷年同期新高,Stock
340,[情報] 1011 上市外資買賣超排行,Stock
341,[新聞] 記憶體產業觸底？三星Q3獲利年減幅收斂,Stock
342,[新聞] 總統牌加持 軍工、綠能股受矚目,Stock
343,[新聞] 巧新9月營收7.07億元 同期新高,Stock
344,Re: [標的] 00670L 富邦NASDAQ正2,Stock
345,Re: [標的] 3715 定穎投控  強力買,Stock
346,[情報] 6564 安特羅 112年9月營收,Stock
347,[新聞] 中碳躋身半導體鏈 中鋼小金雞變身大金鵬,Stock
348,Re: [心得] 股票質借心得分享,Stock
349,[情報] 6472 保瑞 112年9月營收,Stock
350,[請益] 今天算拉積盤嗎,Stock
351,[標的] 00670L NAQASQ 正2 槓桿多,Stock
352,[標的] PRZO.US ParaZero 以色列無人機內線強,Stock
353,[情報] 1519 華城 澄清媒體報導,Stock
354,[標的] 存美國電信債可以跟存中華電比嗎?,Stock
355,[標的] 2364倫飛 在野團結多,Stock
356,[新聞] 鴻海攻電動物流車 Model N影片曝光,Stock
357,[新聞] 抽大紅包只剩今天！　中籤達發1張賺10.5,Stock
358,[情報] 2002中鋼9月營收 mom-3.57% yoy-1.52%,Stock
359,[情報] 2603 長榮 澄清媒體報導,Stock
360,[閒聊] 2023/10/11 盤後閒聊,Stock
361,Re: [標的] 遠東新 1402 多,Stock
362,Re: [心得] 昨日美股走勢之我的看法,Stock
363,[標的] 1707.TW 葡萄王（請益新聞之解讀）,Stock
364,[新聞] 股票ETF十強 科技類聚光,Stock
365,Re: [心得] 昨日美股走勢之我的看法,Stock
366,[新聞] 不只以巴開戰利空 謝金河:股市還4大隱憂,Stock
367,[新聞] Fed鴿聲起！道瓊升近200點 2類股領漲,Stock
368,[新聞] 00878不要了 比929值得買這檔金融債+平準,Stock
369,[新聞] 德國之聲：美中科技戰延燒 中東捲入戰局,Stock
370,Re: [心得] 股票質借心得分享,Stock
371,[新聞] IMF大幅下調台灣經濟成長至0.8% 物價上漲,Stock
372,[情報] 6533 晶心科 9月營收 YoY -67.1%,Stock
373,Re: [心得]<7/3更> 在詐騙群組臥底一個月 換了一山衛生紙,Stock
374,[新聞] 中東戰火 一帶一路股價受挫 中國散戶緊張,Stock
375,[新聞] 他樂看高鐵買30元很安全 稱是特穩級股票 ,Stock
376,[標的] TQQQ 嘎空多 ,Stock
377,[公告] 10/10 違規處置公告,Stock
378,[新聞] 台股上攻五訊號亮了 連假後持續衝高機,Stock
379,[情報] 2338光罩 112年9月營收,Stock
380,[閒聊] 2023/10/11 盤中閒聊,Stock
0,[蔚藍] 千年開發 西瓜遊戲,C_Chat
1,[公告] C_Chat板板規 v.17.0 暨好文補M區,C_Chat
2,[公告] 4-11選舉期間從嚴條款,C_Chat
3,[公告] 最婆大會名人堂 & 公告彙整 & 閒聊區,C_Chat
4,[公告][推投] 最婆大會名人堂  伊布 VS 美琴 ,C_Chat
5,[公告][推投] 最婆大會名人堂  雪乃 VS 凜 ,C_Chat
6,[閒聊] 鳥山明也太全方位天才了吧？,C_Chat
7,[原神] 芙寧娜不讓人用原石抽轉蛋,C_Chat
8,[奶子] 肥倫 真的好重,C_Chat
9,[閒聊] 金閃閃用EA打得贏五條嗎？,C_Chat
10,[閒聊] 被逮捕的兔女郎,C_Chat
11,[咒術] 假油看到五條拔改造人頭在想甚麼,C_Chat
12,[咒術] 原來夏油傑〇〇〇〇〇,C_Chat
13,[陸漫] 看完八小時的熊貓人修仙 然後不更新了,C_Chat
14,[閒聊] 日本防衛廳海上成功試射電磁砲,C_Chat
15,[閒聊] 昨天是卡拉OK之日,C_Chat
16,[閒聊] 把BUG改掉會不開心的人很多嗎,C_Chat
17,"[閒聊] x(twitter)新試驗,付錢才能發post",C_Chat
18,[閒聊] 冒牌鍊金術師/第4.2話,C_Chat
19,[閒聊]你其實是男的吧!-Relax time-BLEACH 吉吉 ,C_Chat
20,Re: [閒聊] 新時代版的mhxx還要過幾年,C_Chat
21,[閒聊] 香格里拉的NPC技術還要多久才能實現?,C_Chat
22,[Vtub] holo版西瓜遊戲 是用什麼來排順序?,C_Chat
23,[新聞] 外星橘貓率領大軍 !《驚奇隊長2》還有王,C_Chat
24,[蔚藍]嗯，這個是這個 那個是那個,C_Chat
25,[閒聊] 結束樂團穿比基尼,C_Chat
26,[閒聊] 遠坂凜有可能成為冠位嗎？,C_Chat
27,[閒聊] hews-肥倫開門,C_Chat
28,[ＣＧ] 早上來點桃華,C_Chat
29,[閒聊] 永恆輪迴S2 戰鬥女僕,C_Chat
30,[原神] 被魅魔的胡桃壓住,C_Chat
31,[情報] 勇者赫魯庫 ED2 完整版,C_Chat
32,Re: [閒聊] 哈利綴歌-破釜咖啡廳,C_Chat
33,[孤獨][孤搖]波虹 藏起來的思念,C_Chat
34,[閒聊] 團長沒有念獸？,C_Chat
35,[星鐵] 宵宮是不是跑去星鐵客串了,C_Chat
36,[天地劫M] 活久見，紫龍這下直接贏了,C_Chat
37,[閒聊] 死神動畫會補完射場副隊長的斬魄刀嗎,C_Chat
38,[蔚藍] 哇幹 リオ伸懶腰,C_Chat
39,[閒聊] 海塔說要來一砲，肥倫會怎麼做？,C_Chat
40,[閒聊] 喝啤酒的阿克婭,C_Chat
41,[閒聊] 東雲海 cosplay 緣結甘神家 夜重,C_Chat
42,[閒聊] 昨天叫外送麥當勞 拿到七龍珠 賽魯撲克牌,C_Chat
43,[討論] bleach 死神 op 13,C_Chat
44,[蔚藍] 發現老師在背後的優香,C_Chat
45,[閒聊] 幫長官泡咖啡的新人,C_Chat
46,[討論] 須田景凪為什麼討論度不高,C_Chat
47,[島田文金] 隨便瑟瑟,C_Chat
48,[閒聊] 凱特跟彼多的大戰到底多精彩?,C_Chat
49,[閒聊] 十二月 百合姫,C_Chat
50,[Vtub] 10/17同接鬥蟲,C_Chat
51,[閒聊] 大腿就要肥 奶子就是要垂 肚肚就是要油,C_Chat
52,[新聞] 《暗黑破壞神4》新賽季第一天就出包,C_Chat
53,[閒聊] 葬送的芙莉蓮 115,C_Chat
54,[MYGO] 第八話心得 原來邦邦是這樣的嗎,C_Chat
55,[閒聊] 有沒有人半夜想到EVA新劇場版結局很氣的,C_Chat
56,Re: [閒聊] 修道院的修女們,C_Chat
57,Re: [閒聊] 某大叔的VRMMO活動記真的是遊戲嗎？,C_Chat
58,[閒聊] JOJO替身六圍 目前是黃鎮最頂嗎,C_Chat
59,"[情報] RTX VSR 1.5發布,且支援20系顯卡",C_Chat
60,Re: [情報] AFA 新加坡 Holo Meet,C_Chat
61,Re: [閒聊] 現在討論MMORPG是不是代溝很嚴重?,C_Chat
62,[討論] [Vtub] Hololive 日間直播單 (1121018),C_Chat
63,[情報] AOE2 DLC 山脈王室,C_Chat
64,[閒聊] 重溫Bang Dream! It's MyGO!!!!! 第7話,C_Chat
65,[閒聊] 今天是Mafumafu的生日,C_Chat
66,[閒聊] 念針其實會害了奇犽發展為啥席巴允許啊,C_Chat
67,[閒聊] 一方通行什麼不翻譯成單行道？,C_Chat
68,[閒聊] 鏈鋸人146 東立中文板 大咖登場 (雷),C_Chat
69,Re: [閒聊] 在台灣有真正帶惡臭的臭豆腐嗎？,C_Chat
70,[蔚藍]BURUAKA-MAN,C_Chat
71,[閒聊] JK大車隊 媛子 PVC簡易開箱,C_Chat
72,[情報] 蜘蛛人：穿越新宇宙 10月31日上Netflix,C_Chat
73,Re: [討論] 小時候以為舊版獵人是正常水準，誰知...,C_Chat
74,[閒聊] 想當女朋友的青梅竹馬,C_Chat
75,[閒聊] 電玩怎麼不搞個金酸莓獎,C_Chat
76,[閒聊]《一拳超人：世界》手遊 全新CB測試啟動,C_Chat
77,Re: [閒聊] 超越魔戒咕嚕的神作 骷髏島：金剛崛起,C_Chat
78,[討論] 獵人有哪集是這集不看前面白看的嗎,C_Chat
79,Re: [閒聊] 世界計畫真的是好遊戲阿......,C_Chat
80,[閒聊] 香格里拉 開拓異境 152,C_Chat
81,[閒聊] 奇犽對重生的龐姆講的是真話還是假話?,C_Chat
82,[MyGO] 貓希居家糖,C_Chat
83,[Holo] Fauna,C_Chat
84,[閒聊] 獵人裡誰最有可能有蟻科絕對時間？,C_Chat
85,Re: [閒聊] 所以嵌合蟻篇想講什麼？,C_Chat
86,[公告][推投] 最婆大會名人堂  雪乃 VS 凜 ,C_Chat
87,[公告][推投] 最婆大會名人堂  伊布 VS 美琴 ,C_Chat
88,[真愛] 領域展開 伊布樂園!,C_Chat
89,[閒聊] 日本成功於海上試射磁軌砲,C_Chat
90,[臘入] 團長成對破壞者讓Buff類無敵化？,C_Chat
91,[情報] 閃刀姬新卡預告 L4終端？,C_Chat
92,[討論] 電腦算是少數反攻的名詞嗎？,C_Chat
93,Re: [閒聊] 其實台灣觀光很不錯吧？,C_Chat
94,[閒聊] 奇犽父母跟亞洲父母，都幾？,C_Chat
95,[新聞] 《我的世界》將邁入15周年 銷量破3億套,C_Chat
96,[閒聊] 冬優子的水手服泳裝,C_Chat
97,[鐵道] 冷冰冰星球的劇情,C_Chat
98,[閒聊] 青雉是不是格調很低？,C_Chat
99,[閒聊] 魯路修S1 EP22 這集當初大家看到的感想是,C_Chat
100,[原神] 養父母是人口販子 該殺不 ,C_Chat
101,[情報] 《超級瑪利歐兄弟驚奇》開發人員訪談前篇,C_Chat
102,[過氣] 鬼滅之刃新一番賞,C_Chat
103,[閒聊] GBF是一款12+(?的遊戲,C_Chat
104,[情報] 敗北女角太多了第六卷,C_Chat
105,[閒聊] 城市獵人劇場版包場情報&觀看前補坑,C_Chat
106,[閒聊] 獵人裡誰最有可能有犬科絕對時間？,C_Chat
107,Re: [閒聊] 酒店女公關們的經驗談漫畫,C_Chat
108,[喪女] 我不受歡迎 怎麼變這種漫畫XDDD,C_Chat
109,Re: [閒聊] 其實台灣觀光很不錯吧？,C_Chat
110,[閒聊] 某大叔的VRMMO活動記真的是遊戲嗎？,C_Chat
111,[情報] 星靈感應 寶木遙乃生日,C_Chat
112,[MyGO]臉書上的豐川祥子 我看了三小 ,C_Chat
113,[閒聊] 如果女王吃掉凱特會不會解決很多事情,C_Chat
114,[23秋] 豬肝記得煮熟再吃 動畫02 小感 (捏,C_Chat
115,[馬娘] 推特圖分享 1472 馬娘,C_Chat
116,[實況] 阿任電台 惡靈古堡7  收,C_Chat
117,[閒聊] 超越魔戒咕嚕的神作 骷髏島：金剛崛起,C_Chat
118,[閒聊] 最強的風箏角，你會想到哪一位?,C_Chat
119,[閒聊] 漫畫戰鬥分鏡功力最接近鳥山明的是誰？,C_Chat
120,Re: [芙莉蓮] 給魔族讀康德，能不能與人共存,C_Chat
121,[閒聊] 恰如細語般的戀歌 45 ,C_Chat
122,Re: [Vtub] ACE將舉辦8位彩虹社EN舞台與1對1見面會,C_Chat
123,[閒聊] 在台灣有真正帶惡臭的臭豆腐嗎？,C_Chat
124,[色圖] 推特圖分享 1471 雜圖,C_Chat
125,[獵人] 西索會是0號還是1號,C_Chat
126,[閒聊] 暴鯉龍看到鯉魚王會有優越感ㄇ,C_Chat
127,[復聯]今天是MCU鋼鐵人逝世之日,C_Chat
128,[BGD] 穿著MyGO衣服的Mujica成員,C_Chat
129,[閒聊] P的謊言神曲-Feel song,C_Chat
130,[閒聊] 桌球漫畫 小乓stoty,C_Chat
131,[閒聊] 蝙蝠俠管家阿福演員 宣告退休,C_Chat
132,[討論] 胡說樹擋在台灣馬路會怎樣,C_Chat
133,[情報] 擅長逃跑的殿下 新角色視覺圖,C_Chat
134,[討論] 原神角色膨脹速度是不是快超越白貓了？,C_Chat
135,[閒聊] 貪婪之島玩家中最頂的是不是這一位,C_Chat
136,[閒聊] 鏈鋸人146 劇情暴走==,C_Chat
137,[原神] [鐵道] 選劇情一定要用滑鼠嗎?,C_Chat
138,[閒聊] 大西亞玖璃新歌MV<夢で逢えなくても>,C_Chat
139,[閒聊] 所以嵌合蟻篇想講什麼？,C_Chat
140,[閒聊] 獵人的王位繼承戰....,C_Chat
141,[動漫] 有人有辦法連聽八小時的動畫歌曲嗎？,C_Chat
142,Re: [閒聊] 其實台灣觀光很不錯吧？,C_Chat
143,[閒聊] 學生會也有洞  月下美人,C_Chat
144,[閒聊] 炸彈魔的生命之音要破解很簡單吧,C_Chat
145,[問題] 神一部動畫,C_Chat
146,Re: [閒聊] 命運鋼彈是不是很爛啊？,C_Chat
147,[閒聊] 那個…更科瑠夏多久沒登場了？,C_Chat
148,[閒聊] 凱特的瘋狂小丑3號為啥是魔法仙女棒？,C_Chat
149,[獵人] 沒有傑犽的話凱特真的能逃掉嗎,C_Chat
150,[討論] 獵人女角的塑造不夠政治正確？,C_Chat
151,[ＳＣ] 各位會覺得真乃很色嗎,C_Chat
152,[閒聊] 三星平板+Bookwalker 翻頁器,C_Chat
153,Fw: [閒聊] 《清版射擊節》快結束嘍～,C_Chat
154,[蔚藍] 老師怎麼可能和人混浴  ,C_Chat
155,[閒聊] 彼氏時々彼女 黃毛：蛋蛋不見了,C_Chat
156,[Holo] Kaela：看不懂日文，但我會認漢字,C_Chat
157,[閒聊] 如果彼多拿凱留的頭接凱特的身體 小傑,C_Chat
158,[情報] 蒼鷺與少年台灣票房十天破億,C_Chat
159,Re: [芙莉蓮] 給魔族讀康德，能不能與人共存,C_Chat
160,[Vtub] HACHI 深夜歌回 #40,C_Chat
161,[百合] 姊姊的摯友，我的戀人,C_Chat
162,[Vtub] 巫てんり BIOHAZARD RE:4 ADA篇#2,C_Chat
163,[閒聊] 推鳥籠這段回頭看還是很白癡,C_Chat
164,[新聞] 死侍3拍一半陷停擺導演無奈曝上映恐受影響,C_Chat
165,[閒聊] 不敢見網友是什麼概念,C_Chat
166,[閒聊] 刺客任務要怎麼買？,C_Chat
167,[閒聊] 香格里拉裡面作者設定的腳色VR適性,C_Chat
168,[獵人] 幻影旅團中哪個成員最好用？,C_Chat
169,[閒聊] 死神 平子真子的年齡與家世考察,C_Chat
170,[閒聊] 帥哥也會在乎被叫大叔嗎？,C_Chat
171,[討論] MyGO她們之間的關係是情同姊妹嗎?,C_Chat
172,[23秋] 星靈感應 03話先行圖,C_Chat
173,[實況] GodJJ 墜落之王,C_Chat
174,[閒聊] 台灣靠觀光扶植台漫就可以了吧？,C_Chat
175,[海賊] 草帽海賊團轉職會做什麼,C_Chat
176,[閒聊] 靠北喔 原來烤肉是這個意思啊==,C_Chat
177,Re: [芙莉蓮] 給魔族讀康德，能不能與人共存,C_Chat
178,[閒聊] Re: [情報] 間諜家家酒更新了,C_Chat
179,Re: [閒聊] 其實台灣觀光很不錯吧？,C_Chat
180,[閒聊] 你是狗畜牲先生嗎？,C_Chat
181,[公告] 西洽最婆大會名人堂 本日結果,C_Chat
182,[Holo] Mumei被網路測驗認定為Gura,C_Chat
183,[閒聊] 蘇菲跟萊莎,C_Chat
184,[閒聊] 怎麼沒人開柯南直播馬拉松？,C_Chat
185,存在科學可能性的生物少女觀察日記是理科宅之光?,C_Chat
186,[Vtub] 茸茸鼠 (柏青哥)歌回 坂本真綾楽曲限定 短時間配信,C_Chat
187,Re: [閒聊] 其實台灣觀光很不錯吧？,C_Chat
188,[Vtub] 重甲姬 無垠之心#6,C_Chat
189,[閒聊] 用伊斯蘭的八角星 不會被出征嗎？,C_Chat
190,[閒聊] 最喜歡的手遊活動模式？,C_Chat
191,[Vtub] 台V春魚箱3D演唱會鏡花水月限時免費觀看,C_Chat
192,[原神] 水神聖遺物這樣可以了嗎?,C_Chat
193,[生日] 祝10/17生日的角色和聲優生日快樂,C_Chat
194,[鐵道] 穿水手服的鏡流,C_Chat
195,[芙莉蓮] 給魔族讀康德，能不能與人共存,C_Chat
196,[閒聊] Gigguk 聊無職轉生2,C_Chat
197,Re: [閒聊] 其實台灣觀光很不錯吧？,C_Chat
198,[閒聊] 默罕默德對摩西跟耶穌來說是曾xN孫輩吧,C_Chat
199,[發錢] 高木 可敬的對手,C_Chat
200,[閒聊] D+監獄是不是討論度殺手?,C_Chat
201,Re: [閒聊] 其實台灣觀光很不錯吧？,C_Chat
202,[23秋] 聖劍學院的魔劍使 03,C_Chat
203,[情報] 天空之城 巴魯的包包 開始預約,C_Chat
204,[新聞] 塗翔文／蒼鷺與少年：不求甚解又何妨,C_Chat
205,Re: [閒聊] 命運鋼彈是不是很爛啊？,C_Chat
206,[蔚藍] 精打細算沙織,C_Chat
207,[蔚藍] 優香想知道老師的喜好,C_Chat
208,[閒聊] 一個團有兩個魔法使,C_Chat
209,[Vtub] Kson總長 ３D配信振り返り,C_Chat
210,[獵人] 西索在現實世界會有很多人喜歡嗎,C_Chat
211,Re: [討論] 賈修2 17回試閱 雪莉真慘,C_Chat
212,Re: [實況][M主]探靈直播2,C_Chat
213,[原神] 芬奇原來喜歡的不是卡莉普本人喔,C_Chat
214,[蔚藍] 正實醬：...久等了,C_Chat
215,[閒聊] 實力至上二年級篇10卷 試閱 ,C_Chat
216,[諭吉] 這髒女人怎麼沒被趕出去？,C_Chat
217,[妮姬] 過火龍啦(發錢),C_Chat
218,Re: [綴歌] 哈利波特-如果只有跩哥馬份性轉?,C_Chat
219,[情報] 我內心的糟糕念頭 132 預告,C_Chat
220,[Vtub] 詩音：香蕉有毛 味道也不好,C_Chat
221,[閒聊] 獵人沒有小任務是不是有點可惜？,C_Chat
222,[Holo] Mel: 明明Kaela也很怕！,C_Chat
223,[閒聊] 來點可愛的男孩子,C_Chat
224,Re: [閒聊] 命運鋼彈是不是很爛啊？,C_Chat
225,[閒聊] 喝牛奶的調月リオ,C_Chat
226,[閒聊] 獵人上船後的劇情動畫化要怎麼做?,C_Chat
227,[閒聊] 高尚駿逸 10/17,C_Chat
228,Re: [閒聊] 命運鋼彈是不是很爛啊？,C_Chat
229,[Vtub] 有・柚実yuzzmi |【KallaX】合作組家具,C_Chat
230,[討論] 小林的手機照片,C_Chat
231,[討論] 雷歐力的念能力是富監不想想的產物嗎？,C_Chat
232,[Vtub] 蝦蝦：我的狗死了:(  鯊鯊：水啦!!!,C_Chat
233,[情報] Bang！ACG 音樂祭 卡司情報,C_Chat
234,Re: [討論] 雷歐力的勇氣哪裡來的,C_Chat
235,Re: [閒聊] 其實台灣觀光很不錯吧？,C_Chat
236,[閒聊] 絕茲絕拉是不是獵人裡的糗爺,C_Chat
237,[百合] たわやかな余熱8+9&隨便,C_Chat
238,[閒聊] 鄧肯退休後可以做什麼？,C_Chat
239,[BGD] 愛音會被爽世騙超過八成是自己的責任吧？,C_Chat
240,Re: [妮姬] 是不是該降一下20章戰力需求阿,C_Chat
241,[Vtub] 蘇米 美食分享上集-主食篇,C_Chat
242,Re: [閒聊] 現在討論MMORPG是不是代溝很嚴重?,C_Chat
243,[Vtub] Hololive 5th Fes情報公開：Holo島,C_Chat
244,[閒聊] A25今天送的10抽卷,C_Chat
245,[Vtub] 拉普大人 EXPO/Fes.宣傳隊長,C_Chat
246,[Vtub] Neo-Porte 緋月ゆい 特戰英豪 w/一群人,C_Chat
247,[討論] 雷歐力的勇氣哪裡來的,C_Chat
248,[閒聊] 正在脱泳衣的雛菜,C_Chat
249,[黑魂] 王城雙基房外獵殺新手的人到底有多G8,C_Chat
250,[閒聊] 所以櫻木他爸爸還好嗎,C_Chat
251,Fw: [ＬＬ] LoveLive! 虹咲學園 生放送,C_Chat
252,[討論] 賈修2 17回試閱 雪莉真慘,C_Chat
253,Re: [閒聊] 命運鋼彈是不是很爛啊？,C_Chat
254,[MyGO] 少女レイ 燈祥同人整理 ,C_Chat
255,[Vtub] 推薦 超可愛甜美蘿莉Vsinger 天彩あるす,C_Chat
256,[Vtub] HIMEHINA x ラプラス·ダークネス,C_Chat
257,[閒聊] 蟻篇最後大傑有比奇犽強了嗎,C_Chat
258,Re: [討論] 西索跟宿儺都是有作者愛才強吧？,C_Chat
259,Re: [推特] むにんしき：超受雙胞胎學妹喜歡的我,C_Chat
260,[蔚藍] 抽卡迴戰,C_Chat
261,[新聞] 獨／蹦蛙面臨解散？003曝光找統神新窗口,C_Chat
262,[三顆星] 隊長的紅星星,C_Chat
263,[新聞] 頭文字D續作燃油車鬥魂出現台灣街景？,C_Chat
264,Re: [閒聊] 凱特算是蟻王嗎？,C_Chat
265,[蔚藍] 沒朋友俱樂部,C_Chat
266,[繪圖]IRyS新衣裝！,C_Chat
267,[討論] 天國大魔境 58 露敏線 ,C_Chat
268,Re: [閒聊] 川原礫：有其他人自稱是SAO原作,C_Chat
269,[Vtub] 歸家WANT「面子文化」你也被面子綁架了,C_Chat
270,[23秋] 某大叔的 VRMMO 活動記 03,C_Chat
271,[情報] 我怎麼可能成為妳的戀人 6卷封面,C_Chat
272,[閒聊] 命運鋼彈是不是很爛啊？,C_Chat
273,[獵人]裡小廢物類型的唸能力是不是被低估了 ,C_Chat
274,Re: [閒聊] 公司來了可怕的新人,C_Chat
275,[Vtub] 小箱or個人Vtuber 1017 DD串,C_Chat
276,[閒聊] 崇禎真的是很認真做事却導致滅國嗎？,C_Chat
277,[閒聊] 陳筱涵政治漫畫法國出版 幽默嘲諷國際局,C_Chat
278,[討論] 特級拉麵,C_Chat
279,[閒聊] 雷歐力有心也可以練出次元斬吧,C_Chat
280,[閒聊] 小傑4人+西索都變女的可以嗎,C_Chat
281,[閒聊] 別再亂留「自以為有哽」負評！日獨立遊戲,C_Chat
282,[Holo] Hololive X Fromsoft  ,C_Chat
283,[閒聊] 有Alphago的話蟻王還會想統治世界嗎,C_Chat
284,[閒聊] 獵人的保鑣死亡率是不是很高啊？,C_Chat
285,[閒聊] 比古清十郎能打贏夏油傑嗎,C_Chat
286,Re: [閒聊] 其實台灣觀光很不錯吧？,C_Chat
287,[閒聊] Fgo黑A的過去,C_Chat
288,[閒聊] Bethesda人事異動！資深副總裁Pete Hines,C_Chat
289,[閒聊] F/SR 由井正雪老師,C_Chat
290,[閒聊] 磊札跟彈平打躲避球誰會贏？,C_Chat
291,[閒聊] 出租女友們在泡湯,C_Chat
292,[閒聊] 芝石老師的芙莉蓮,C_Chat
293,[情報] MGS推特,C_Chat
294,[閒聊] 找一部寶可夢短片,C_Chat
295,Re: [討論] 小傑如果變女生，風評會好轉嗎？,C_Chat
296,[蔚藍] 哇幹  U！,C_Chat
297,[閒聊] 獵人馬拉松放中文配音的會比較好嗎?,C_Chat
298,Re: [閒聊] 現在討論MMORPG是不是代溝很嚴重?,C_Chat
299,[閒聊] 原來鳴人女兒是個小辣妹,C_Chat
300,[火影] 慕留人第二部3話 騎兵的迴轉！,C_Chat
301,[原神] 楓丹新聖遺物本真的有好貨嗎?,C_Chat
302,[情報] 進擊的巨人 完結派對視覺圖,C_Chat
303,[閒聊] 真善美戲院都不會倒的秘密？,C_Chat
304,[閒聊] 幾原遭到DM指控抄襲，開告,C_Chat
305,[討論] 小傑如果變女生，風評會好轉嗎？,C_Chat
306,[蔚藍] 穿浴衣的シグレ覺得很熱,C_Chat
307,Re: [妮姬] 是不是該降一下20章戰力需求阿,C_Chat
308,[蔚藍] 蝦線繪製中,C_Chat
309,[EVA] 真希波的最大爆點?,C_Chat
310,[MyGO] 愛音：好小（武士道迷因）,C_Chat
311,[討論] [Vtub] Hololive 晚間直播單 (1121017),C_Chat
312,[閒聊] 黑暗集會畢業生的屬性？,C_Chat
313,[實況] みすみ(Misumi) 拼字遊戲,C_Chat
314,[閒聊] 羊文學 咒術 澀谷ED2 的MV心得,C_Chat
315,[情報] 木棉花代理公告：魔都精兵的奴隸,C_Chat
316,[妮姬] 基里戰鬥動畫展示,C_Chat
317,Re: [討論] 小傑如果變女生，風評會好轉嗎？,C_Chat
318,Re: [蔚藍] 老師身邊沒有保鏢很奇怪吧,C_Chat
319,[閒聊] 蔚藍檔案合作的各種可能,C_Chat
320,Re: [奶子] 健康的JK,C_Chat
321,[獵人] 芭蕉搭配果烈奴是不是可以幹翻所有人？,C_Chat
322,[情報] 葬送的芙莉蓮 07 先行圖,C_Chat
323,[情報] 梵谷皮卡丘贈卡炒破2萬　寶可夢官方出擊,C_Chat
324,[情報] 統神宣布加入迴聲娛樂,C_Chat
325,[閒聊] 川原礫：有其他人自稱是SAO原作,C_Chat
326,Re: [討論] 四年前台中物價有這麼便宜？,C_Chat
327,[閒聊] 芙莉蓮都不會有性慾嗎？,C_Chat
328,[討論] 香格里拉世界觀作品裡的其他網遊,C_Chat
329,[真愛] 在下曹賊十分喜歡西片太太(高木同學),C_Chat
330,[萬代] MB 攻擊鋼彈 Heliopolis Rollout再販,C_Chat
331,[23秋] 哥布林殺手II 第3話 先行圖,C_Chat
332,[蔚藍] 沙織：我把...老師...,C_Chat
333,[原神] 木村良平的謎發言,C_Chat
334,[23秋] 我的新上司是天然呆 療癒系職場故事,C_Chat
335,[討論] 富奸念能力的點子是什麼時候發想的？,C_Chat
336,[討論] 如果小傑乖乖對半藏認輸還能拿到執照嗎？,C_Chat
337,Re: [閒聊] 有種就來線下PK阿!,C_Chat
338,[MyGO] 燈祥一張合唱,C_Chat
339,[蔚藍]  國際服日常  謝謝檔,C_Chat
340,[閒聊] 有贗品超越真品的作品嗎？,C_Chat
341,[閒聊] 會長說雷歐力會贏是認真的嗎？,C_Chat
342,[獵人] 伊耳謎真的有比十二地支強嗎？,C_Chat
343,Re: [閒聊] 現在討論MMORPG是不是代溝很嚴重?,C_Chat
344,Re: [妮姬] 是不是該降一下20章戰力需求阿,C_Chat
345,[閒聊] 庫拉皮卡去黑暗大陸是能幹嘛?,C_Chat
346,[閒聊] 彼多不能治好小麥的眼睛嗎？,C_Chat
347,[閒聊] 旅團報名躲避球打得贏磊札嗎,C_Chat
348,[閒聊] overlord小說值得買嗎,C_Chat
349,Re: [妮姬] 是不是該降一下20章戰力需求阿,C_Chat
350,[閒聊] 小傑娶福原愛會怎樣？,C_Chat
351,[蔚藍] 老師身邊沒有保鏢很奇怪吧,C_Chat
352,[新聞] 三大女力霸氣合體！《驚奇隊長2》打造MCU,C_Chat
353,[閒聊] 西索的玩具箱最右邊那是誰,C_Chat
354,[GBF] 世上只有媽媽好,C_Chat
355,[閒聊] 今晚一口氣看金田一紅皮版要注意什麼,C_Chat
356,Re: [原神] 迪盧克跟凱亞真的能修復關係嗎？,C_Chat
357,[閒聊] 寶可夢機台的1、2星變垃圾有解嗎？,C_Chat
358,[閒聊] 如果青雉不去凍結海嘯白鬍子自己就被淹死,C_Chat
359,[閒聊] 有沒有指力特化的魔法？,C_Chat
360,[閒聊] 赤松健：台灣漫畫家的創作跟日本很類似,C_Chat
361,[閒聊] 梅雷翁配諾布484最強組合？,C_Chat
362,[蔚藍] U！,C_Chat
363,[猜謎] 機器子第15卷抄襲對象(?,C_Chat
364,Re: [閒聊] 2077 DLC的選擇也太難,C_Chat
365,Re: [獵人] 四王子聊的話題很讓人出戲吧,C_Chat
366,[間諜]約兒其實滿可怕的吧？,C_Chat
367,[閒聊] 新時代版的mhxx還要過幾年,C_Chat
368,Re: [閒聊] 鬼塚英吉治得了現代的學生嗎,C_Chat
369,[閒聊] AI主播算2次元嗎？,C_Chat
370,[閒聊] 曹操竟然沒對蔡文姬出手？,C_Chat
371,[奶子] 健康的JK,C_Chat
372,[獵人] 如果「小傑」改叫「阿傑」會怎麼演? ,C_Chat
373,Re: [討論] 四年前台中物價有這麼便宜？,C_Chat
374,[閒聊] 小傑真的叫小剛的話人氣肯定會衰退吧,C_Chat
0,[新聞] 韓職季後賽打到11/15 可能影響亞冠賽戰力,Baseball
1,[分享] Andrew Friedman談道奇季後賽補強目標,Baseball
2,[新聞] 「不屬於這世界的表現」 大谷翔平再入圍,Baseball
3,[LIVE] 2023年第11屆中信盃黑豹旗 10/18賽程,Baseball
4,[公告] 板規,Baseball
5,[賽程] 2023年黑豹旗全國高中棒球大賽(附樹狀圖),Baseball
6,[整理] 2023棒球賽事轉播節目表,Baseball
7,[LIVE] 2023年第11屆中信盃黑豹旗 10/18賽程,Baseball
8,[LIVE] (MLB) ARI @ PHI 2023國聯冠軍系列戰 G2,Baseball
9,[專欄] 缺乏大膽用兵勇氣 貧打兄弟難現奇蹟,Baseball
10,[分享] 今日台東內野已完售，明日內野約剩200張,Baseball
11,[情報] 德州內戰創下13年來收視最高的ALCS首戰,Baseball
12,[問題] 韓職對放水球容忍度超高對不對,Baseball
13,[分享] 奥川恭伸上半身狀態不良 回東京接受檢查,Baseball
14,[炸裂] Trea Turner,Baseball
15,[討論] 請問中信今年陣容有大換血嗎？,Baseball
16,[討論] 有瓜進修後成仙的例子嗎,Baseball
17,[炸裂] Kyle Schwarber,Baseball
18,[情報] Merrill Kelly :費城主場不會比WBC還吵吧,Baseball
19,[新聞] 中信年度戰績、下半季都淘汰 仍有機會打,Baseball
20,[新聞] 蘇智傑巨大1分 親友團前很威風,Baseball
21,[新聞] 為季後賽燃燒 鄭浩均請纓先發,Baseball
22,Re: [分享] 豹子腿方昶詠道歉,Baseball
23,[新聞] 奇蹟沒出現 兄弟下半季遭淘汰,Baseball
24,[炸裂] Kyle Schwarber,Baseball
25,[公告] Baseball 樂透開獎,Baseball
26,[分享] 橫濱新洋砲看上大谷殺手 Franmil Reyes,Baseball
27,[新聞] 開箱老照片》2003年象牛總冠軍賽 萬人搶,Baseball
28,[分享] 歷史上的今天-洲際慘案之超級喜歡紀華文,Baseball
29,Re: [新聞] SPC-日職》軟銀遭淘汰的82分鐘後、教頭就,Baseball
30,[分享] 李灝宇 今天在亞歷桑納秋季聯盟4打數2安打,Baseball
31,[分享] 今日劉予承,Baseball
32,[分享] 藍寅倫 FB,Baseball
33,[分享] 鄭浩均IG限動,Baseball
34,Re: [分享] 藍寅倫 FB,Baseball
35,[分享] 影片-豹子腿去找藍寅倫了,Baseball
36,Re: [分享] 影片-豹子腿去找藍寅倫了,Baseball
37,[分享] Jeter做球給老爹殺,Baseball
38,Re: [分享] 藍寅倫 FB,Baseball
39,Re: [討論] 張峻瑋有機會旅外嗎?,Baseball
40,[分享] 豹子腿方昶詠道歉,Baseball
41,[新聞] SPC-日職》生涯127次救援成功的前洋聯救,Baseball
42,[LIVE] (MLB) ARI @ PHI 2023國聯冠軍系列戰 G2,Baseball
43,[新聞] 中信盃黑豹旗／大理林佾葳準完全打擊！想,Baseball
44,[新聞] SPC-MLB》太空人季後賽還是「主場一條蟲,Baseball
45,[新聞] SPC-日職》軟銀砸80億日圓補強仍無法贏,Baseball
46,[新聞] 連2年一輪遊問題需解決　道奇續留總教,Baseball
47,[分享] 2023年黑豹旗10/17戰績 + 10/18預賽賽程,Baseball
48,[討論] 謝謝辜董,Baseball
49,[問題] 兄弟選秀可以優先考慮打擊了嗎？,Baseball
50,[分享] 爪喵戰九局上小米粥影片,Baseball
51,[討論] 例行賽剩餘賽程哪幾場值得觀賞？,Baseball
52,[情報] 2023 KBO 季後賽賽程,Baseball
53,[分享] 今日鄭凱文,Baseball
54,[公告] Baseball 樂透開獎,Baseball
55,[新聞] 10人家族加油團來應援他打下全場第1分,Baseball
56,[公告] Baseball 板 開始舉辦樂透!,Baseball
57,[分享] MLB排名,Baseball
58,Re: [新聞] 味全龍開訓首年拚勝率4成5 葉君璋:2023進,Baseball
59,[情報] 澳職:今年賽季美日韓職派人(至少八支),Baseball
60,[新聞] 統一獅3比0送完封　中信兄弟確定下半季冠,Baseball
61,[新聞] 梁玹種連9季投170局以上 韓職5強19日開,Baseball
62,[新聞] 蘭道爾首次在內野全紅土的球場比賽 牛棚,Baseball
63,[分享] 王彥程今年秋季鳳凰聯盟初登板 六局無失分,Baseball
64,[情報] 2023 KBO個人獎項得主,Baseball
65,[分享] 爪爪香蕉粥開煮（掉分了,Baseball
66,[討論] 九上陳琥續投是在期待奇蹟嗎,Baseball
67,[討論] 中信打擊都在練鳥碰嗎,Baseball
68,[新聞] 遊騎兵第3戰推Scherzer先發 Bochy:他準備,Baseball
69,[討論] 彭政閔這季結束會下台嗎?,Baseball
70,[情報] CPBL戰績（含淘汰指數）,Baseball
71,[分享] 韓職10/17結果(例行賽完結 PS後天開打),Baseball
72,Re: [討論] 兄弟是不是該開除東哥了,Baseball
73,[討論] 威助真的有料吧？,Baseball
74,[討論] 喵喵是不是想打挑戰賽啊？,Baseball
75,[新聞] 兄弟0比3遭獅完封！下半季淘汰 晉級季後,Baseball
76,[分享] 統一近五戰牛棚表現,Baseball
77,[新聞] 兄弟遭獅隊完封季冠軍機率歸零 想進季後,Baseball
78,[分享] 今日陳傑憲,Baseball
79,[新聞] 大理高中棒球隊培養第2專長 隊上23人過,Baseball
80,[討論] 喵喵七擒七縱？,Baseball
81,Re: [新聞] 中信兄弟衝刺季後賽　許皓銘上一軍支援,Baseball
82,[分享] 中職打者下半季OPS+,Baseball
83,[新聞] SPC-日職》軟銀遭淘汰的82分鐘後、教頭就,Baseball
84,[新聞] 超派！費城人用全壘打寫日記 狂創多項季,Baseball
85,[討論] 看見紅中這麼派邦邦有嚇到嗎,Baseball
86,Re: [分享] 富邦悍將歷年 年度口號,Baseball
87,[討論] 紅中為什麼在富邦的時候派不起來？,Baseball
88,[分享] 中信兄弟滿壘大中計,Baseball
89,[新聞] 相隔15年再拿二軍打擊王　38歲林智平仍,Baseball
90,[問題] 有職業球員娶到老闆女兒過嗎？,Baseball
91,[問題] 爪爪打線怎麼突破不了蘭道爾,Baseball
92,[討論] 為什麼喵喵完全打不到呂寶,Baseball
93,Re: [分享] 今日陳柏清 二軍冠軍戰7局失2分,Baseball
94,[新聞] 從嚼口香糖看出不對勁 洪總說明1局就換下,Baseball
95,[新聞] 日職季後賽》阪神防禦率王村上領銜非贏,Baseball
96,[分享] 今日台東人數,Baseball
97,Re: [新聞] 從嚼口香糖看出不對勁 洪總說明1局就換下,Baseball
98,[情報] 韓職例行賽票房結算(進場人次史上第三高,Baseball
99,[討論] 東部賽事一定要讓地方政府包票嗎,Baseball
100,[討論] 兄弟是不是該開除東哥了,Baseball
101,[討論] 大樹為什麼不阻止鄭浩均呢？,Baseball
102,[新聞] 李振昌一軍隨隊穩定牛棚軍心 恰總要找,Baseball
103,[分享] 來日本出公差兼觀光的Nootbaar,Baseball
104,[討論] 富邦今天算1.5軍了吧,Baseball
105,[分享] 今日陳柏清 二軍冠軍戰7局失2分,Baseball
106,[新聞] 師徒對決成焦點 中職二軍總冠軍戰同時萬,Baseball
107,[情報] CPBL 10/17球員異動,Baseball
108,[討論] 二軍冠軍有什麼好處嗎？,Baseball
109,[新聞] 李振昌車禍後首度一軍隨隊　恰總讓他上來,Baseball
110,[新聞] 中信兄弟下半季冠淘汰指數剩1 恰總：贏,Baseball
111,[新聞] 拿下G1！紀慶然代打建功 台鋼雄鷹隊史季,Baseball
112,[情報] 阪神岡田監督提案：禁止公告一指人選,Baseball
113,[分享] Bryce Harper 全壘打插畫創作,Baseball
114,[新聞] 已有打挑戰賽心理準備 餅總要找可用之兵,Baseball
115,[新聞] 原預定讓陳韻文本周回一軍 餅總憂心：比,Baseball
116,[新聞] MLB／沉睡的巨人要清醒了？想在自由市場M,Baseball
117,[LIVE] CPBL例行賽#170 統一 VS 中信兄弟 @台東,Baseball
118,[分享] 林益全&蔣智賢至10/17賽前成績,Baseball
119,[新聞] 中職》統一牛棚屋漏偏逢連夜雨 陳韻文延,Baseball
120,[分享] 斉藤和巳推特,Baseball
121,[新聞] 女黑豹黃曼凌燃燒近百球飆8K 三振男生直,Baseball
122,[新聞] WZH-日職／王柏融是否留在日本發展！火腿,Baseball
123,[討論] 富邦二軍冠軍賽給血郭先發的用意是？,Baseball
124,[討論] 常常有滿壘計的原因是什麼？,Baseball
125,[新聞] 黑豹旗／會怕曬黑嗎？女黑豹黃小倢秀色差：這樣才帥！,Baseball
126,[分享] 洪一中出場對裁判比眼睛抗議,Baseball
127,[分享] 內壢高中 黃曼凌highlight,Baseball
128,[新聞] 今天不能「書」!台鋼雄鷹的拚冠標語很有,Baseball
129,[情報] CPBL明日先發投手,Baseball
130,[新聞] 洪總肯定交易帶來好的影響 「這也是當初,Baseball
131,[討論] 恰總的輪休就是笑話吧,Baseball
132,[討論] 岳少華中一日丟2軍是什麼概念？,Baseball
133,[新聞] SPC-山本由伸自由市場上超搶手 道奇、洋,Baseball
134,[新聞] 遊騎兵終結者勒克萊爾跨局沒問題　「感激,Baseball
135,[新聞] 重返夢想的起點 鄭浩均請纓回一軍明先發,Baseball
136,[分享] 阪神、歐力士發起群眾募款（11/23冠軍遊,Baseball
137,[分享] MLB史上季後賽wRC+ Top 30（最少100PA）,Baseball
138,[情報] 軟銀高層：不太可能給Bauer橫濱的自由度,Baseball
139,[新聞] WCY-就是挺恰總！鄭浩均本季尚未關機　,Baseball
140,[公告] Baseball 板 開始舉辦樂透!,Baseball
141,[新聞] 道奇不只搶大谷翔平！山本由伸列為補強,Baseball
142,Re: [新聞] 「除了戰績、其他都頂」 悍將空轉7年,Baseball
143,[新聞] 竹工謝承佑鐵支猛打!自曝李多慧鐵粉:韓,Baseball
144,[分享] 台鋼北伐首戰富邦二軍 陳柏清對上郭俊麟,Baseball
145,Re: [專欄] 「除了戰績、其他都頂」 悍將空轉7年,Baseball
146,[LIVE] CPBL二軍冠軍賽 G1 台鋼 vs 富邦 @嘉市,Baseball
147,Re: [分享] 麥卡貝全體注意 富邦Part,Baseball
148,[問題] 林振瑋打全運會？,Baseball
149,[新聞] 富邦二軍冠軍賽首戰派郭俊麟先發 洪總笑回,Baseball
150,[情報] NPB高潮系列賽 10/18 預告先發,Baseball
151,[新聞] 二軍總冠軍賽上演洪總VS.鋒總「師徒對決,Baseball
152,[分享] Roberto Osuna完全否認他拒絕投第二局,Baseball
153,[討論] 請問富邦2018選秀是在幹嘛,Baseball
154,[分享]富邦二軍滿壘大中計,Baseball
155,[新聞] 遊騎兵賈西亞打擊區上側手翻 P上平衡木,Baseball
156,[新聞] 中職》王柏融驚喜「亂入」台鋼聚餐 藍寅,Baseball
157,[分享] 今日遊騎兵的Adolis  Garcia使出側翻的,Baseball
158,[分享] Roberto Osuna 親自回覆他拒絕續投傳言,Baseball
159,[新聞] 孫易磊成火腿海外業餘簽約第一人 稻葉篤,Baseball
160,[專欄] 「除了戰績、其他都頂」 悍將空轉7年的,Baseball
161,[新聞] WCY 天使樂觀留下大谷？外媒認為該換新球衣,Baseball
162,[分享] 今日Trea Turner,Baseball
163,Fw: [新聞] IOC批準洛杉磯奧運新增五大項 棒壘球回歸,Baseball
164,Re: [新聞] 「除了戰績、其他都頂」 悍將空轉7年,Baseball
165,Re: [新聞] 大巨蛋11月試打兩場比賽 月中開放1萬,Baseball
166,Re: [新聞] 「除了戰績、其他都頂」 悍將空轉7年的,Baseball
167,[問題] 當年的雷公只剩下FALA嗎？,Baseball
168,[情報] 天使隊將Jared Walsh等6人移出名單,Baseball
169,[分享] 中職歷史雙殺打排名（生涯100次以上）,Baseball
170,[新聞] 費城三轟棒打響尾蛇，國聯冠軍賽首戰告捷,Baseball
171,[新聞] 史上首位女總管伍佩琴與老闆理念不合，拒,Baseball
172,Re: [專欄] 「除了戰績、其他都頂」 悍將空轉7年,Baseball
173,[新聞] Nathan Eovaldi「滿壘計」剋太空人，遊騎,Baseball
174,[討論] 富邦跟味全的建隊特色是什麼？,Baseball
175,[分享] 麥卡貝全體注意 富邦Part,Baseball
176,[新聞] 延平「女黑豹」張子文飆三振！校方曝艱,Baseball
177,[分享] 藏族華旦才讓在澳洲SUPER LEAGUE 投球影片,Baseball
178,[分享] 今日Yordan Alvarez 雙響砲,Baseball
179,Re: [情報] 馬林魚總管Kim Ng離職,Baseball
180,[新聞] 黑豹旗嬌點！淡江女投竟是「台鋼啦啦隊練,Baseball
181,Re: [情報] Kyle Schwarber本季首局首打席揮第一球,Baseball
182,[新聞] WCY 棒球重返洛杉磯奧運　哈波表態參戰,Baseball
183,[情報] 今江敏晃接任東北樂天監督,Baseball
184,[閒聊] 張閔勛的傳球,Baseball
185,[討論] 猿鷹交易案三位選手 台鋼二軍成績,Baseball
186,[分享] 軟銀五洋將退團,Baseball
187,[新聞] 天使續約大谷翔平樂觀其成 紐媒提3大疑,Baseball
188,[討論] 與Kyle Schwarber的初識,Baseball
189,[討論] 全家取今天球票的球迷請注意,Baseball
190,[新聞] 盼大聯盟放行球員出征奧運 哈波想打「但,Baseball
191,[情報]  今日Bryce Harper(本壘吹生日蠟燭）,Baseball
192,[新聞] SPC-MLB》賽前還在對抗病毒！太空人重砲,Baseball
193,[分享] 明日MLB NLCS G2 先發投手,Baseball
194,[分享] 今日Zac Gallen,Baseball
195,[問題] 大聯盟季後賽有投球計時器嗎,Baseball
196,[新聞] 孫易磊旅日 學長鄭凱文畫重點  ,Baseball
197,[分享] 藤岡裕大擊出3分砲時的佐佐木朗希,Baseball
198,[分享]  今日Jose Leclerc 救援成功,Baseball
199,[分享] Bryce Harper希望能代表美國打洛杉磯奧運,Baseball
200,[情報] 今日Framber Valdez,Baseball
201,[分享] ALCS TEX ＠ HOU G2 Box,Baseball
202,[新聞] WCY-王威晨周日對悍將6局失誤取消,Baseball
203,[新聞] 孫易磊 明年會有台灣隊友嗎？,Baseball
204,[LIVE] 10/17 2023年黑豹旗預賽,Baseball
205,[新聞] 大巨蛋11月試打兩場比賽 月中開放1萬人,Baseball
206,[討論] 我給太空人尊重，這次一定沒有作弊,Baseball
207,[炸裂] Kyle Schwarber & Bryce Harper,Baseball
208,[分享] Max Scherzer 將擔任美聯冠軍戰G3先發,Baseball
209,[情報] Kyle Schwarber本季首局首打席揮第一球,Baseball
210,[炸裂] Nick Castellanos,Baseball
211,[新聞] SPC-整季報銷的費城人重砲有望回歸？ ,Baseball
212,[新聞] 稻葉篤紀與孫易磊第１個話題：從王建民伸,Baseball
213,Re: [討論] 今年季後賽跟台灣大賽票價會創新高嗎,Baseball
214,[分享] 軟銀調查山川穗高 西川龍馬 山崎福也,Baseball
215,[分享] 太空人Yordan Alvarez 身體不適,Baseball
216,[分享] 軟銀森唯斗明年不在球團構想內,Baseball
217,[LIVE] (MLB) TEX @ HOU 2023美聯冠軍系列戰 G2,Baseball
218,[情報] 軟銀考慮讓前教練倉野信次回任,Baseball
219,[炸裂] Yordan Alvarez,Baseball
220,[炸裂] Jonah Heim,Baseball
221,[新聞] 季後賽第3席 猿象5天4戰割喉,Baseball
222,[情報] 鼓人滿壘大中計,Baseball
223,[LIVE] (MLB) ARI @ PHI 2023國聯冠軍系列戰 G1,Baseball
224,[炸裂] Yordan Alvarez,Baseball
225,[新聞] 中職》「神交易」成為戰績催化劑 台鋼隊,Baseball
226,[新聞] 棒球》大巨蛋11月測試賽 亞錦賽可望這,Baseball
227,[新聞] SPC-10下追平轟+再見安！羅德戲劇性大逆,Baseball
228,[分享] MLB排名,Baseball
229,[分享] NPB戰績,Baseball
230,[情報] Bryce Harper 31歲生日,Baseball
231,[新聞] 育達李昕諺偶像山本由伸 欣賞他協調性、危,Baseball
232,[分享] Trevor Bauer案,Baseball
233,[分享] 李灝宇 亞歷桑納秋季聯盟連兩戰安打,Baseball
234,[分享] 2023年黑豹旗10/16戰績 + 10/17預賽賽程,Baseball
235,[新聞] SPC-女力投速球 LOLO樓樓開球秀終於登場,Baseball
236,[新聞] 國際奧會通過　棒球重返洛杉磯奧運,Baseball
237,Re: [新聞] 黑豹旗／女黑豹張子文對穀保飆K 穀保球,Baseball
238,[新聞] 稻葉篤紀再稱孫易磊是台灣的寶貝　將傾,Baseball
239,[分享] 讀賣巨人隊 公布2024年球季教練團,Baseball
240,[新聞] 致命跑壘失誤怎發生？Altuve：就沒踩到…,Baseball
241,[新聞] 「薛蛇」牛棚待命，暫定美聯冠軍賽G3先發,Baseball
242,[分享] 韓職10/16結果(斗山第5 明壓軸老三之爭),Baseball
243,[分享] 軟銀明天召開藤本博史離職記者會,Baseball
244,[新聞] 跳接美技致勝　遊騎兵隊友：感謝上帝有Carter,Baseball
245,[新聞] 國聯冠軍戰明開打　2隊教頭36年前1A隊友,Baseball
246,[新聞] SPC-MLB》才剛重返季後賽！ 史上首位亞裔女總管與馬林魚分道,Baseball
247,[問題] Stanton用棒尾轟全壘打,Baseball
248,[情報] 馬林魚總管Kim Ng離職,Baseball
249,"Re: [討論] 全年第一,但沒有半季冠軍",Baseball
250,[分享] 安田尚憲再見安打,Baseball
251,[公告] Baseball 樂透開獎,Baseball
252,[討論] 藤本鐵定要下台了吧?,Baseball
253,[問題] 藤本博史是不是挺保護守護神的,Baseball
254,[分享] 今日NPB觀眾人數 CS首輪Game3,Baseball
255,[新聞] 淡江林建廷挨球吻名留隊史 難忘那年「洪,Baseball
256,[情報] 千葉羅德海洋隊晉級洋聯決賽,Baseball
257,[分享] NPB高潮系列賽 賽程 / 日本一時間確定,Baseball
258,[情報] Deurne Spartans拿下比利時聯賽冠軍,Baseball
259,[分享] 軟銀會長王貞治:比賽不到最後不知道結果,Baseball
260,[新聞] 孫易磊4年合約加盟火腿 霸氣拚「一年內,Baseball
261,[新聞] XBX-日本火腿持續有台將重視台灣市場？,Baseball
262,[分享] 小久保裕紀將接任軟銀一軍監督,Baseball
263,[新聞] 日職》親自見識孫易磊速球感到震撼 稻葉,Baseball
264,[新聞] WCY-火腿一句話打動孫易磊　家人來回機,Baseball
265,[新聞] WCY-培養下一個大谷翔平！火腿不排斥,Baseball
266,[新聞] 明天再輸下半季就打包 兄弟推鄭凱文台東,Baseball
267,[討論] 如何降低整體投手三振率？,Baseball
268,[新聞] 神之右手忠告大谷翔平：棒球界有黑暗面 ,Baseball
269,[新聞] Trevor Bauer列出三點加盟球隊條件,Baseball
270,Re: [討論] 如何降低整體投手三振率？,Baseball
271,[新聞] 中信盃黑豹旗／淡江嬌點汪以馨登板引轟動,Baseball
272,[情報] 富邦悍將fb 伍茲搭機離台,Baseball
273,"[討論] 全年第一,但沒有半季冠軍",Baseball
274,[新聞] WCY-中信盃黑豹旗／延平女投手飆K續集 穀,Baseball
275,[分享] 2023中職wRC+ ~10/15,Baseball
276,[情報] 三森大貴傷退,Baseball
277,[新聞] 太空人首戰遭完封 韋蘭德喊:明天再擱來,Baseball
278,[分享] 2023中職ERA+ ~10/15,Baseball
279,Re: [討論] 盜壘戰術的運用-中職應該要更大膽的盜,Baseball
280,[分享] 孫易磊 年薪600萬日圓,Baseball
281,[炸裂] 藤岡裕大,Baseball
282,[分享] 賽後訪問影片，撈哥：有點太確信了,Baseball
283,[炸裂] 楊佾,Baseball
284,[新聞] SPC-日職》前塞揚強投鮑爾季後成自由身,Baseball
285,[LIVE] 孫易磊加盟日本火腿記者會,Baseball
286,[新聞] 黑豹旗／潮州正妹球經超吸睛！自曝非單身　理想型許光漢,Baseball
287,[情報] CPBL明日先發投手,Baseball
288,[情報] 棒球確定成為2028洛杉磯奧運正式項目,Baseball
289,[新聞] 台灣大賽票價創新高？龍迷淚推：等了20,Baseball
290,[新聞] 遊騎兵菜鳥卡特讓阿土伯嚇傻的超美技　,Baseball
291,[LIVE] NPB 軟銀 v 羅德　 洋聯CS首輪Game3,Baseball
292,[新聞] WCY-孫易磊加盟日本火腿合約曝光！簽約金,Baseball
293,[新聞] WCY 王柏融、曾峻岳?孫易磊還有台灣隊友,Baseball
294,[情報] CPBL 10/16球員異動,Baseball
295,[新聞] 仍有「遠程目標」 孫易磊談選擇火腿隊關鍵,Baseball
296,[新聞] 橫濱OB高木豐點評央聯CS第一輪監督調度,Baseball
297,[情報] 黑豹旗官網球隊投票遭受惡意灌票程式干擾,Baseball
298,[情報] 對李政厚有興趣的七隻隊伍,Baseball
299,[討論] Evan Carter是第一次在美粒果球場守備,Baseball
300,[分享] ALCS TEX ＠ HOU G1 Box,Baseball
301,[新聞] WCY-孫易磊旅日不怕被改動作　國中開始執行大,Baseball
302,[公告] Baseball 樂透開獎,Baseball
303,[情報] 橫濱DeNA Soto、Escobar預計退團,Baseball
304,[討論] 今年季後賽跟台灣大賽票價會創新高嗎,Baseball
305,[新聞] 昔被洋基稱扛不起季後賽 A-Rod：蒙哥馬利,Baseball
306,[公告] Baseball 板 開始舉辦樂透!,Baseball
307,[新聞] 搶季冠關鍵戰 林子偉休兵,Baseball
308,[分享] 10年條粉站出來！！我條威武！！發錢,Baseball
309,[專欄] 長江後浪推前浪，皇家 Freddy Fermin崛起,Baseball
310,[新聞] 還有６隊未贏過世界大賽，遊騎兵力拚翻轉,Baseball
311,Re: [討論] 今年季後賽跟台灣大賽票價會創新高嗎,Baseball
312,[新聞] 大巨蛋進度 北市府：11月閉門和萬人棒賽,Baseball
313,Re: [討論] 今年季後賽跟台灣大賽票價會創新高嗎,Baseball
314,[新聞] 大谷翔平自由球員爭奪戰 賭盤依舊最看,Baseball
315,[新聞] 鄉親面前登板！響尾蛇加倫保持專注 球,Baseball
316,[分享] 過去十年季後賽場均人數,Baseball
317,[新聞] 黑豹旗／莊欽宇好投開轟　被譽「澎湖大谷」笑回：沒那麼好,Baseball
318,[新聞] 遭9棒狙擊 Verlander:對方打線很深,Baseball
319,[分享] 中職球員最愛&最經典的球衣(同場加映穿球,Baseball
320,[新聞] MLB／從3戰16轟變成機關槍打線 韋蘭德優,Baseball
321,[分享] 味全贏球自力封王只有一種情況,Baseball
322,[分享] 昨日肯特,Baseball
323,[新聞] 第3張季後賽門票之爭 桃猿、兄弟晉級條,Baseball
324,[新聞] 味全龍2個王座不同捷徑 想拋彩帶要走全,Baseball
325,[分享] 羅德洋砲 Polanco傳多支球隊想要,Baseball
326,[炸裂] Leody Taveras,Baseball
327,Re: [新聞] 第3張季後賽門票之爭 桃猿、兄弟晉級條,Baseball
328,[分享] 龍隊歷年季後賽對各隊晉級率奪冠率,Baseball
329,[新聞] WCY-大谷翔平FA轉隊路線變更？美媒曝許,Baseball
330,Re: [新聞] 第3張季後賽門票之爭 桃猿、兄弟晉級條,Baseball
331,[問題] 前年洋基為啥在季後賽捨棄Montgomery？,Baseball
332,[炸裂] 莊欽宇,Baseball
333,[新聞] 巨人證實面試女教練納肯 為新球季總教練,Baseball
334,[分享] Evan Carter外野牆前接殺美技影片,Baseball
335,[分享] 今日 遊騎兵投手群(完封太空人！！！),Baseball
336,[分享] 明日MLB ALCS G2/NLCS G1 先發投手,Baseball
337,[分享] 今日Justin Verlander,Baseball
338,[新聞] 韓職20勝200K三冠王將被挖角？ 日職這兩,Baseball
339,[情報] 今天是2023季後賽第一次雙方SP都投6+IP,Baseball
340,[分享] 今日Evan Carter 德州卡仔,Baseball
341,[分享] 2023年黑豹旗10/16預賽賽程,Baseball
342,[新聞] 代班終結者無妨 吳俊偉確定提前拿下中繼,Baseball
343,[新聞] 伍鐸差2.1局年資滿8年後年取得「本土洋將,Baseball
344,[情報] ALCS條子名單出來（薛蛇確定有）,Baseball
345,[公告] Baseball 板 開始舉辦樂透!,Baseball
346,[討論] 運科救得了富邦嗎？,Baseball
347,[新聞] 亞運真的有機會拿金牌　林子偉：自己壓,Baseball
348,[新聞] 徐若熙飆156公里相隔771天奪勝投 葉總：,Baseball
349,[分享] 9月富邦平均得分為2.5分,Baseball
350,[新聞] 連同比賽「喊卡」前單場4安 冉承霖平常,Baseball
351,[新聞] 球員生涯正式結束 高國輝昨天就有心理,Baseball
352,[問題] 板上有球迷也會關注球員推薦的美食嗎？,Baseball
353,[LIVE] (MLB) TEX @ HOU 2023美聯冠軍系列戰 G1,Baseball
354,[新聞] SPC-MLB》大谷翔平意外落腳處？ 高層認,Baseball
355,[分享] 今永昇太 加入Octagon經紀公司,Baseball
356,[討論] 盜壘戰術的運用-中職應該要更大膽的盜,Baseball
357,[新聞] 旅日風潮成過去式 明年恐剩宋家豪站穩一,Baseball
358,[分享] Trevor Bauer希望去DH制聯盟 軟銀開始調查,Baseball
359,[新聞] 紐時：大聯盟三振過多有損精采度 改規則,Baseball
360,[LIVE] 10/16 2023年黑豹旗預賽,Baseball
0,[Live] 熱身賽  金塊 @ 快艇,NBA
1,[情報] 哈登開季留在七六人機率大增,NBA
2,[花邊] KD：我想打美國隊，希望他們會挑我,NBA
3,[BOX ] Bucks 101:124 Thunder (Preseason),NBA
4,[BOX ] Maccabi Ra'anana 111:138 Timberwolves (Preseason),NBA
5,[公告] 板規10.1,NBA
6,[情報] 2023-24賽季 季前熱身賽賽程,NBA
7,[情報] 2023年 季中錦標賽 對戰圖,NBA
8,[情報] 2023-24賽季 例行賽賽程 (十月、十一月),NBA
9,[花邊] Charles Leclerc至籃網主場觀看熱身賽,NBA
10,[花邊] 湖鹿之戰中，有人偷走八村壘的位子,NBA
11,[新聞] NBA／新狼王愛德華有望黃袍加身 傳尼克密切關注唐斯,NBA
12,[外絮] Ayton:我要打好每一場比賽，讓一些人閉嘴,NBA
13,[新聞] 感受到Lillard加盟好處　字母哥：我空檔,NBA
14,[花邊] 塞爾維亞奧委會主席透露Jokic會打巴黎奧運,NBA
15,[情報] 火箭雷霆交易，雷霆裁掉KPJ,NBA
16,[Live] 熱身賽  鵜鶘 @ 魔術,NBA
17,[花邊] KPJ女友說KPJ沒打過他,NBA
18,[Live] 熱身賽  尼克 @ 青賽,NBA
19,[Live] 熱身賽  暴龍 @ 公牛,NBA
20,[Live] 熱身賽  公鹿 @ 雷霆,NBA
21,[花邊] Jokic在球隊練習時持續關注馬匹近況,NBA
22,[Live] 熱身賽   Maccabi Ra'anana @ 灰狼,NBA
23,[花邊] 爵士推出一款引起球迷強烈反彈的服飾,NBA
24,[花邊] 星宇招待前快艇球員吃台灣美食,NBA
25,[情報] Victor Wembanyama 明天對火箭預計將出賽,NBA
26,[BOX ] Pelicans 104:92 Magic (Preseason),NBA
27,[BOX ] Knicks 110:123 Celtics (Preseason),NBA
28,[Live] 熱身賽  火箭 @ 馬刺,NBA
29,[情報] 湖人隊宣布裁掉 Scotty Pippen Jr.,NBA
30,[花邊] Dlo: 我的防守端啟發是 Derrick White,NBA
31,[Live] 熱身賽  破壞者 @ 爵士,NBA
32,[花邊] 有男球迷將西門的臉刺青在胸部上,NBA
33,[BOX ] Maccabi Ra'anana 89:120 Cavaliers (Preseason),NBA
34,[Live] 熱身賽  拓荒者 @ 太陽,NBA
35,[BOX ] Hawks 112:116 Pacers (Preseason),NBA
36,[BOX ] 76ers 127:119 Nets (Preseason),NBA
37,[花邊] 小李妻子:小李從來沒有單獨照顧過小孩,NBA
38,[BOX ] Rockets 99:89 Spurs (Preseason),NBA
39,[新聞] KBM-冠軍教頭納斯大讚西蒙斯　「他看起,NBA
40,[BOX ] Breakers 94:114 Jazz (Preseason),NBA
41,[花邊] 麥布朗：LBJ 連續投入21個球季真的扯,NBA
42,[花邊] Simmons談背後傳球：對我來說傳出那樣的,NBA
43,[情報] Ayton:很慶幸成為真正重視我的組織的一員,NBA
44,[BOX ] Trail Blazers 106:117 Suns (Preseason),NBA
45,[討論] ticketmaster APP無法下載-客服回答,NBA
46,[花邊] KD限時動態發與WNBA球員Howard的合照,NBA
47,[花邊] Jimmy Butler的最佳五人,NBA
48,[花邊] 多名尼克前球員回到主場,NBA
49,[新聞] KBM-苦練的成果自己都被嚇到　新秀三分,NBA
50,[情報] Woj：談判陷僵局，Klay 可能進入FA市場,NBA
51,[BOX ] Bulls 102:116 Nuggets 熱身賽數據,NBA
52,[花邊] Adebayo: 有很多人只看數據,NBA
53,[BOX ] Warriors 121:115 Kings 熱身賽數據,NBA
54,[花邊] 字母哥:只是個季前賽，小李就被包夾,NBA
55,[花邊] 字母展現夢幻腳步  Arenas:走步了,NBA
56,[花邊] LBJ 去看女兒 Zhuri 的排球比賽,NBA
57,[新聞] NBA／盼比肩傳奇一人一城 安戴托昆波：,NBA
58,[新聞] NBA／恐成美國隊奪金最大阻礙！威金斯盼,NBA
59,[新聞] 新賽季衝擊多項里程碑 詹姆斯將創4萬分空前紀錄,NBA
60,[花邊] 上季第四節得分排名 KI第一 Fox第二,NBA
61,[花邊] Isaiah Thomas: 我想要打籃球,NBA
62,[Live] 熱身賽  老鷹 @ 溜馬,NBA
63,[情報] Porter Jr.其中一項二級襲擊罪不起訴,NBA
64,[Live] 熱身賽  七六人 @ 籃網,NBA
65,[Live] 熱身賽    Maccabi Ra'anana @ 騎士,NBA
66,[情報] Lillard：不知為何人們覺得我很快會衰退,NBA
67,[情報] Derrick Favors 加盟G-League,NBA
68,[新聞] 尋求冠軍助力 柯爾大讚保羅是「最聰明的球員」,NBA
69,[花邊] 斑馬跟Reggie Miller背靠背比身高,NBA
70,Re: [花邊] Kenneth Lofton Jr.體重超過136公斤,NBA
71,[花邊] Nikola Jokic 在休息室看賽馬轉播,NBA
72,[情報] Monty：在太陽時CP3會跟我說誰需要輪休,NBA
73,[新聞] NBA／拓荒者「韓流」興起！布克大讚新,NBA
74,[Live] 熱身賽  雷霆 @ 黃蜂,NBA
75,[Live] 熱身賽  灰熊 @ 熱火,NBA
76,[Live] 熱身賽  太攀蛇 @ 暴龍,NBA
77,[Live] 熱身賽  公鹿 @ 湖人,NBA
78,[BOX ] Thunder 115:117 Hornets 熱身賽數據,NBA
79,[情報] Victor Wembanyama將缺席明天對火箭熱身賽,NBA
80,[Live] 熱身賽  公牛 @ 金塊,NBA
81,[情報] Jalen Green 因腳指甲問題缺席明天比賽,NBA
82,[Live] 熱身賽  勇士 @ 國王,NBA
83,[BOX ] Grizzlies 124:132 Heat 熱身賽數據,NBA
84,[BOX ] Taipans 93:134 Raptors 熱身賽數據,NBA
85,[BOX ] Bucks 108:97 Lakers 熱身賽數據,NBA
86,[情報] Josh Christopher 跟爵士隊簽下雙向合約,NBA
87,[新聞] 連Morey名字都不想提　Harden：關係已,NBA
88,[情報] 2023-24賽季 例行賽賽程 (十月、十一月),NBA
89,[花邊] Victor Wembanyama 賽後去重訓,NBA
90,[新聞] 鄉村曼巴表態願參戰奧運 里夫斯：邀請,NBA
91,Re: [情報] 美媒列出Jokic和Giannis的榮譽對比,NBA
92,[花邊] Thomas Bryant不敢相信斑馬灌在他頭上,NBA
93,[BOX ] Pelicans 105:110 Hawks (Preseason),NBA
94,[Live] 熱身賽  灰狼 @ 尼克,NBA
95,[花邊] Tyronn Lue與快艇球員對賭罰球,NBA
96,[Live] 熱身賽  拓荒者 @ 爵士,NBA
97,[花邊] SGA的最佳五人名單,NBA
98,[BOX ] Timberwolves 121:112 Knicks (Preseason),NBA
99,[花邊] Kai Jones推特轉發數學題2+5（8-5）=？,NBA
100,[情報] Jeff Van Gundy 將擔任賽爾提克顧問,NBA
101,[BOX ] Trail Blazers 133:138 Jazz (Preseason),NBA
102,[新聞] 自曝收過哈登祝賀 Poole：他沒遇到勇士可,NBA
103,[新聞] 好慘！鵜鶘熱身賽3戰全敗　還傷了Jones、,NBA
104,[新聞] 球季還沒開始　Brooks就惡性犯規遭罰款,NBA
105,[討論]頗有名氣但其實沒拿過MVP的球員?,NBA
106,Re: [討論]頗有名氣但其實沒拿過MVP的球員?,NBA
107,[情報] 美媒列出Jokic和Giannis的榮譽對比,NBA
108,[情報] Miles Bridges自首以及逮捕後續,NBA
109,[花邊] 哈登：我與莫雷的關係回不去了,NBA
110,Re: [情報] Miles Bridges自首以及逮捕後續,NBA
111,Re: [情報] 美媒列出Jokic和Giannis的榮譽對比,NBA
112,[情報] Dwight Howard 早期的NBA飲食菜單,NBA
113,[Live] 熱身賽  熱火 @ 馬刺,NBA
114,[花邊] Woj：莫雷希望能用快艇包換全明星後衛,NBA
115,[Live] 熱身賽  勇士 @ 湖人,NBA
116,[BOX ] Heat 104:120 Spurs 熱身賽數據,NBA
117,[情報] Robert Williams 在訓練中撞到膝蓋,NBA
118,[新聞] 溫班亞瑪攻守發揮滅熱火 波總：我只幫他,NBA
119,[外絮] Mikey Williams面臨最高28年刑期的起訴,NBA
120,[花邊] LeBron 直接在場邊吃便當,NBA
121,[BOX ] Warriors 129:125 Lakers (Preseason),NBA
122,[新聞] 熱身賽兩戰砍50分 Kuminga感謝Paul、Gay,NBA
123,[新聞] Chris Paul有望繼續打先發　勇士可能不會,NBA
124,Re: [情報] Dwight Howard 早期的NBA飲食菜單,NBA
125,Re: [花邊] 一名西雅圖Westbrook粉絲穿著8件球衣去看比賽,NBA
126,[BOX ] Rockets 120:87 Pelicans (Preseason),NBA
127,[花邊] 渡邊對日本籃協說國家隊沒有退役的概念的反應,NBA
128,[BOX ] Nuggets 124:133 Bulls (Preseason),NBA
129,[花邊] Joel Embiid 穿哈波球衣去費城人主場觀賽,NBA
130,[新聞] 長榮航空首度跨足NBA籃壇 宣布與休士頓,NBA
131,[花邊] Mann：如果不在園區，我們20年本可以奪冠,NBA
132,Re: [花邊] 日本籃協：國家隊沒有退役的概念,NBA
133,[花邊] Shaq：LBJ會把得分紀錄推到6、70年摸不到,NBA
134,[BOX ] Suns 122:111 Trail Blazers (Preseason),NBA
135,[公告] NBA 樂透開獎,NBA
136,Re: [花邊] Mann：如果不在園區，我們20年本可以奪冠,NBA
137,[新聞] KBM-羅素降薪續留湖人　新賽季誓言做好,NBA
138,[情報] 槍西：會讓艾頓自由發揮，年輕人多跑跑,NBA
139,[新聞] 克萊湯普森不會追求頂薪 預計與勇士續約4,NBA
140,[外絮] Nurkic:很享受在拓荒者的時光,NBA
141,Re: [新聞] 克萊湯普森不會追求頂薪 預計與勇士續約4,NBA
142,[新聞] NBA／百大球星字母哥力壓約柯奇 詹皇排名,NBA
143,[新聞] 不忘前東家栽培之恩 唐西奇：若回歐洲必加,NBA
144,[花邊] KI發推聲援因戰爭而受迫害的平民,NBA
145,[情報] ESPN公佈新賽季百大球員前十,NBA
146,[新聞] Antetokounmpo蟬聯《ESPN》季前排名首,NBA
147,[討論] 淺談金塊的幾位小將,NBA
148,[花邊] Jayson Tatum 選出現役技術最佳球員Top 5,NBA
149,[Live] 熱身賽  魔術 @ 騎士,NBA
150,[Live] 熱身賽  活塞 @ 雷霆,NBA
151,[Live] 熱身賽  黃蜂 @ 巫師,NBA
152,[Live] 熱身賽  灰熊 @ 老鷹,NBA
153,[Live] 熱身賽    Maccabi Ra'anana @ 籃網,NBA
154,[Live] 熱身賽    火箭 @ 鵜鶘,NBA
155,[Live] 熱身賽    金塊 @ 公牛,NBA
156,[花邊] 一名西雅圖Westbrook粉絲穿著8件球衣去看比賽,NBA
157,[花邊] Dillon Brooks 遭到罰款2萬5000元,NBA
158,[BOX ] Magic 108:105 Cavaliers (Preseason),NBA
159,[BOX ] Hornets 92:98 Wizards (Preseason),NBA
160,[Live] 熱身賽  太陽 @ 拓荒者,NBA
161,[BOX ] Pistons 128:125 Thunder (Preseason),NBA
162,[BOX ] Maccabi Ra'anana 103:135 Nets (Preseason),NBA
163,[BOX ] Grizzlies 102:103 Hawks (Preseason),NBA
164,[花邊] Kevin Love分享他的西裝穿搭哲學,NBA
165,[情報] 黃蜂裁掉Kai Jones,NBA
166,[外絮] 聯盟稱「負載管理」不再受科學證據支持,NBA
167,[Live] 熱身賽  青賽 @ 七六人,NBA
168,[花邊] 小橋因違反保護令而再次收到逮捕令,NBA
169,[情報] 字母哥 & Lillard 將在面對湖人熱身賽登場,NBA
170,[BOX ] Celtics 112:101 76ers (Preseason),NBA
171,[Live] 熱身賽  國王 @ 湖人,NBA
172,[花邊] LBJ IG: 祈禱和平以及對抗任何形式的仇恨,NBA
173,[花邊] Kenny Smith休賽季用了Curry菜單特訓,NBA
174,[新聞] KBM-熱火落選秀最新力作？　湖人棄將斯,NBA
175,[花邊] KG:別忘了可愛 他和PG將會統治聯盟,NBA
176,[BOX ] Kings 101:109 Lakers (Preseason),NBA
177,[情報] 黃仁泰裁判從新賽季開始將升格為NBA專職,NBA
178,[情報] Ayton：我不想談論鳳凰城太陽隊,NBA
179,[情報] Nurkic:我愛三巨頭，場上的空間太大了,NBA
180,[新聞] NBA／24歲莫蘭特「還是孩子」 聯盟：共同,NBA
181,[花邊] Shaq接任Reebok籃球總裁，AI為副總裁,NBA
182,[新聞] ESPN評第34名　Irving：誰在乎,NBA
183,[花邊] KG：普洱是新的哈登，將是聯盟前五得分手,NBA
184,[公告] NBA 板 開始舉辦樂透!,NBA
185,[花邊] DeAndre Jordan簽名在小朋友頭上,NBA
186,[BOX ] Magic 122:105 Pelicans (Preseason),NBA
187,[BOX ] Bucks 102:108 Grizzlies (Preseason),NBA
188,[新聞] KBM-布魯克斯轉戰火箭首秀又「搗蛋」　一,NBA
189,[BOX ] Pacers 103:122 Rockets (Preseason),NBA
190,[外絮] 字母哥:我跟小李不會有球權問題,NBA
191,[情報] 火腿要AD每場投6顆3分,NBA
192,Re: [情報] 金塊有意給予 Jamal Murray 超級頂薪續約,NBA
193,[情報] 前超音速球員Russ在西雅圖第一次打比賽,NBA
194,[花邊] 阿肥光速發生今年第一個 turnover,NBA
195,[BOX ] Nuggets 115:107 Suns (Preseason),NBA
196,[公告] NBA 樂透開獎,NBA
197,[BOX ] Jazz 98:103 Clippers (Preseason),NBA
198,[BOX ] Breakers 66:106 Trail Blazers 熱身賽數據,NBA
199,[花邊] 魔獸IG：一定給台灣一個驚喜,NBA
200,[花邊] 球星第一年跟現在的照片比較,NBA
201,[花邊] Dillon自稱「反派角色Dillon」,NBA
202,[情報] 國王隊裁掉 Jeremy Lamb,NBA
203,[情報] 2023-24賽季ESPN 球員排名 第11-50名,NBA
204,[情報] 26屆全美第一 AJ Dybantsa 宣布跳級,NBA
205,[情報] Zion Williamson 將於明天熱身賽先發出場,NBA
206,[情報] 2023-24賽季ESPN 球員排名 第51-100名 ,NBA
207,[花邊] Ben Simmons: 兩年來在場上感覺最好的一天,NBA
208,[情報] Brendan Malone過世（金塊教練的父親,NBA
209,[BOX ] Mavericks 123:127 Real Madrid 熱身賽數據,NBA
210,[Live] 熱身賽  太攀蛇 @ 巫師,NBA
211,[情報] 2023-24 賽季 各隊GM 問卷調查出爐!,NBA
212,[Live] 熱身賽  黃蜂 @ 熱火,NBA
213,[Live] 熱身賽     騎士 @ 老鷹,NBA
214,[Live] 熱身賽     魔術 @ 鵜鶘,NBA
215,[Live] 熱身賽     公鹿 @ 灰熊 ,NBA
216,[Live] 熱身賽     溜馬 @ 火箭,NBA
217,[情報] Dillon Brooks 因偷桃被驅逐出場,NBA
218,[花邊] Jimmy Butler新賽季頭像,NBA
219,[Live] 熱身賽 爵士 @ 快艇,NBA
220,[BOX ] Taipans 82:145 Wizards (Preseason),NBA
221,[Live] 熱身賽  金塊 @ 太陽,NBA
222,[BOX ] Cavaliers 107:108 Hawks (Preseason),NBA
223,[花邊] NBA本季將有韓國籍裁判,NBA
224,[BOX ] Hornets 109:113 Heat (Preseason),NBA
225,[Live] 熱身賽    塞爾提克 @ 尼克,NBA
226,[Live] 熱身賽 馬刺 @ 雷霆,NBA
227,[花邊] 斑馬休賽季增重20磅,NBA
228,[Live] 熱身賽  籃網 @ 湖人,NBA
229,[花邊] Herro：很高興拓荒者不要我，我也不想去,NBA
230,[花邊] Ben Simmons 賽前練投,NBA
231,[花邊] 17歲的 Luka Doncic vs. OKC,NBA
232,[BOX ] Celtics 107:114 Knicks (Preseason),NBA
233,[BOX ] Spurs 121:122 Thunder (Preseason),NBA
234,[情報]Wembanyama成為馬刺14年來第一個季前賽20+新秀,NBA
235,[BOX ] Nets 126:129 Lakers 熱身賽數據,NBA
236,[公告] NBA 樂透開獎,NBA
237,[公告] NBA 板 開始舉辦樂透!,NBA
238,[花邊] Chet:斑馬這頭槌是個難以阻擋的招數,NBA
239,[花邊] LBJ：05年我就在Vegas打球了  AD：哇靠,NBA
240,[新聞] 馬刺、雷霆熱身賽獨角獸大戰！斑馬大讚雷霆榜眼「偉大」,NBA
241,[花邊] 近三季stepback三分 77最多咖哩最準,NBA
242,[情報] LBJ：遺憾聽到有人說Rich Paul成功是靠我,NBA
243,[公告] 國慶水桶,NBA
244,[情報] Duncan在不同decade間的數據和成就比較,NBA
245,[BOX ] Suns 130:126 Pistons (Preseason),NBA
246,[花邊] 美國國家隊正積極追求 Jrue Holiday 回歸,NBA
247,[情報] 快艇無意在哈登的交易中提高報價,NBA
248,[花邊] Jaylen Brown 褲子穿反了,NBA
249,[Live] 熱身賽    國王 @ 暴龍,NBA
250,[Live] 熱身賽    溜馬 @ 灰熊,NBA
251,[Live] 季前熱身賽 爵士 @ 快艇,NBA
252,[BOX ] Sixers 106:114 Celtics 熱身賽數據,NBA
253,[情報] Woj：有些已表態打奧運的全明星不會被邀,NBA
254,[花邊] Brandon Ingram穿熱狗裝進場,NBA
255,[BOX ] Pacers 122:127 Grizzlies 熱身賽數據,NBA
256,[花邊] Tatum:夏天跟Pierce訓練增重了12磅,NBA
257,[BOX ] Kings 99:112 Raptors／Jazz 101:96 Clippers 熱身賽數據,NBA
258,[花邊] Dillon Brooks 跳舞,NBA
259,[情報] 鬼神艾倫：單節46分可能今年會常常發生,NBA
260,[討論] 虎撲球迷整理的Ayton與太陽恩怨情仇?,NBA
261,[花邊] 小李談個人形象與沒能去熱火,NBA
262,[花邊] 期待值拉滿了！美媒：Simmons今日要上場,NBA
263,[情報] Kai Jones吹密,NBA
264,[情報] Nemanja Bjelica 據報可能退役,NBA
265,[BOX ] Lakers 108:125 Warriors (Preseason),NBA
266,[花邊] 咖哩、LBJ、AD賽後三人互動,NBA
267,[公告] NBA 樂透取消,NBA
268,[公告] NBA 板 開始舉辦樂透!,NBA
269,[花邊] Kerr:CP3太棒惹，他讓比賽變得很簡單,NBA
270,[情報] NBA 各隊進軍季後賽 - 目前賠率觀察,NBA
271,[情報] Damian Lillard 有意出戰巴黎奧運,NBA
272,[新聞] 坦言打球從不是為了錢 泰托姆：已經賺,NBA
273,[花邊] 鉛筆代表美國隊 斑馬：為喀麥隆感到難過,NBA
274,[新聞] 加入勇士讚新隊友Thompson CP3：看見一個殺手,NBA
275,Re: [情報] 艾頓稱自己在拓荒者能打出歐肥般的統治力,NBA
276,[花邊] Kyrie Irving 跟Michael B.Jordan比賽投籃,NBA
277,[花邊] NFL 比爾四分衛進攻時狂喊Lebron James,NBA
278,[情報] 小李、字母哥、蜜豆湯今天都不會上,NBA
279,[Live] 熱身賽   公牛 @ 公鹿,NBA
280,[情報] Payton Pritchard和青賽提前續約 4y/30M,NBA
281,[花邊] Evan Fournier:”我想打球”,NBA
282,[Live] 季前熱身賽 太陽 vs 活塞,NBA
283,[BOX ] Bulls 102:105 Bucks (Preseason),NBA
284,[Live] 季前熱身賽 七六人 @ 青賽,NBA
285,[花邊] 小李和Curry是單場50分以上最多的球員，2,NBA
286,[花邊] 可愛和龜龜練習跳舞,NBA
287,[情報] LBJ在不同decade間的數據和成就比較,NBA
288,[情報] 奧運美國隊將有機會有4位MVP,NBA
289,[花邊] 吉巴打牌,NBA
290,[新聞] 新賽季打4號？戴維斯：不用擋拆100次感覺,NBA
291,[外絮] Lue: 將會在例行賽裡全力以赴進入季後賽,NBA
292,[花邊] 歷史真實命中率排行 狗貝67.1%第一,NBA
293,[花邊] Kuzma：第一次當球隊領袖，我一直在等待,NBA
294,[情報] Kerr：「湖人暴露了我們的短處」,NBA
295,[情報] 籃網教練：我們希望看到的事情正在發生,NBA
296,[花邊] A Lin 合影Scottie Pippen,NBA
297,[外絮] Holiday 的妻子在 IG 上批評公鹿管理層,NBA
298,[Live] 季前熱身賽 灰狼 @ 獨行俠,NBA
299,[情報] Ricky Rubio 將缺席季前訓練營,NBA
300,[BOX ] Timberwolves 104:96 Mavericks (Preseason),NBA
301,[情報] ESPN西區排名預測：第一灰熊,NBA
302,[Live] 湖人 @ 勇士~熱身賽,NBA
303,[情報] 金塊有意給予 Jamal Murray 超級頂薪續約,NBA
304,[外絮] Herro談新賽季目標：成為球隊非賣品,NBA
305,[花邊] Covington Batum:我們一直在跑步,NBA
306,[情報] LBJ想打至少3場季前賽但不打勇士季前首戰,NBA
307,[花邊] 金塊：阿肥今年多少碼數？,NBA
308,[花邊] 小李:字母哥叫我做自己就好,NBA
309,[花邊] LBJ:夏天只有八村跟我訓練  我們還去旅遊,NBA
310,[花邊] 勇士支付$50M權利金成功取得WNBA擴編權,NBA
311,[花邊] Batum：我們進行了大量跑動訓練，我們想,NBA
312,[花邊] ESPN放了復仇者聯盟改編的2024美國奧運隊,NBA
313,[花邊] New Balance 新廣告,NBA
314,[情報] JT：我尊重所有隊友，我不會介入管理階層,NBA
315,[新聞] 湯普森期盼82場全勤 自曝從小就看保羅,NBA
316,[新聞] Embiid表態加入美國隊 詹姆斯：期待明年,NBA
317,[情報] 英雄哥：很高興能續留熱火,NBA
318,[情報] Lillard：每個人都會有被抨擊的時候，我,NBA
319,[情報] 新賽季的目標？ Williamson：我只想贏,NBA
320,"[情報] Jaylen Brown, Paul Pierce 一起訓練",NBA
321,[花邊] 莫雷不太可能因哈登的行為被迫交易他,NBA
322,[花邊] LBJ等湖人球員預計觀戰WNBA總冠軍賽G1,NBA
323,[外絮] KD與渡邊重聚，良好的化學反應從籃網延續,NBA
324,[情報] KD：如果我們沒奪冠，那就會被駡死 ,NBA
325,[花邊] 上季團隊氣氛不佳 圍巾:不是Poole的錯,NBA
326,[花邊] 小李：他們不讓字母灌籃，就等著被我射爛,NBA
327,[情報] Danuel House：Nurse 執教大家都有球打,NBA
328,[公告] NBA 板 開始舉辦樂透!,NBA
329,[花邊] Jimmy Butler回覆Max Strus,NBA
330,[情報] PG: 如果我能決定，當然想在快艇打到退役,NBA
331,[討論] 哪個教練最能根據場上情況靈活使用戰術??,NBA
332,[花邊] 西門練習時連續命中10個罰球,NBA
333,[花邊] 火箭開了半小時影片會議 回顧上季犯的錯,NBA
334,[情報] WOJ:哈登的交易價值比以前的西門更差,NBA
335,[Live] 季前熱身賽 獨行俠 @ 灰狼,NBA
336,[花邊] Joel Embiid 加入美國男籃  出戰巴黎奧運,NBA
337,[情報] Udoka：我沒有針對哈登，但火箭要養新人,NBA
338,[BOX ] Mavericks 99:111 Timberwolves (Preseason),NBA
339,[公告] NBA 樂透開獎,NBA
340,[花邊] LBJ聽到自己正式成為現役最老球員的反應,NBA
341,[外絮] 哈登為何會選擇回到七六人隊？,NBA
342,Re: [花邊] Joel Embiid 加入美國男籃  出戰巴黎奧運,NBA
343,[花邊] Malone：Jokic的馬廄越來越大了,NBA
344,[花邊] 羅納度 今天現身觀看獨行俠對灰狼熱身賽,NBA
345,[討論] Devin Vassell新秀延長合約細節。,NBA
346,[花邊] 籃網主場最新一次財報顯示虧損$76M,NBA
347,[花邊] 達拉斯全隊在沙漠中騎駱駝,NBA
348,[情報] 值得期待哦！Beal：我們希望成為一支精英,NBA
349,[情報] Kerr：Klay很強壯，新賽季他會多打4號位,NBA
350,[花邊] Woj談哈登：他想讓76人不舒服,NBA
351,Re: [情報] Kerr要讓KT守4號位（場上是KT/Curry/,NBA
352,[情報] Donovan Mitchell 親口確認將不會提前續約,NBA
353,[討論] 現在NBA打4號位的身高,NBA
354,[花邊] JJJ 回顧Nowitzki在2011年總冠軍戰影片,NBA
355,Re: [花邊] 籃網主場最新一次財報顯示虧損$76M,NBA
356,[花邊] 吉巴：我不爽的是小李去A.Griffin的球隊,NBA
357,[情報] Harden加入76人訓練營,NBA
358,"[情報] 魔術執行 Banchero, Suggs, Franz Wagner 的球隊選擇權",NBA
359,[花邊] 斑馬：很高興波波終於罵我了,NBA
360,[情報] 勇士隊 公布首場熱身賽先發名單,NBA
361,[花邊] 小李將申請與妻子 Kay'La Lillard 離婚,NBA
362,[花邊] Malone：湖人在談論我們？過4個月了耶,NBA
363,[外絮] 杰倫訓練營練左手運球 但還是不太妙,NBA
364,[花邊] Poole：以前沒和有空接威脅的球員合作過,NBA
365,[情報] Ben Simmons 談籃網隊防守: 有點可怕,NBA
366,[花邊] 渡邊：我來到太陽是因為KD，我真的很喜歡,NBA
367,[情報] Harden現在不在訓練營但之後會出席,NBA
368,[花邊] Anunoby傳簡訊給Lillard: 歡迎來到多倫多,NBA
369,[情報] 湖人隊2023-24 訓練營名單,NBA
370,[情報] Kerr要讓KT守4號位（場上是KT/Curry/CP3,NBA
371,[情報] 皇馬中鋒Edy Tavares被認為會在明年加入NBA,NBA
372,[花邊] Tyronn Lue 談當今防守,NBA
373,[花邊] Lebron James 20年前/後的形象照,NBA
374,[新聞] 各隊大力補強…金塊雙星沒在怕 喊話複製,NBA
375,[花邊] NBA上一季得分14+真實命中率65%以上,NBA
376,[花邊] MJ成為富比士400富豪榜首位運動員,NBA
377,[情報] 槍西：Scoot是那種隊友樂於與之相伴的人,NBA
378,[花邊]玫瑰向Ja Morant說我不是來這當你的保姆,NBA
379,[花邊] Jokic：暑假還是有練球 Murray: 並沒有,NBA
380,[花邊] 波波：如果Ginobili能放替補，任何人都行,NBA
381,[花邊] 群雄爭霸！美媒曬下賽季多組三巨頭問：,NBA
382,[新聞] CCY-談上季退休傳聞 詹皇終於卸下心防,NBA
383,[花邊] 小李經紀人私下跟公鹿說不要讓拓荒者知道,NBA
384,[外絮] 嘴綠：如果你看過CP3打球，他還滿混蛋的,NBA
0,Re: [新聞] 幕後／民進黨員卻代表民眾黨與國民黨談「,HatePolitics
1,[黑特] 台灣的食安是世界級笑話嗎?,HatePolitics
2,Re: [討論] 賴清德願意被大學生洗臉是加分扣分？,HatePolitics
3,Re: [討論] 如果桃園市長現在是林智堅？,HatePolitics
4,Re: [新聞] 快訊／為藍白合再拋「折衷方案」　侯友宜,HatePolitics
5,Re: [新聞] 學生問「死刑態度」 侯友宜「堅決反廢死,HatePolitics
6,[新聞] 標示不實液蛋流向全曝光！知名食品大廠、,HatePolitics
7,Re: [討論] 小黃卡上有高端是不是就先排除,HatePolitics
8,[公告] 暫行板規,HatePolitics
9,[公告] 政黑板主選舉-預先公告細節,HatePolitics
10,[公告] 2024板主參選名單(投票已開 按大V投票),HatePolitics
11,[公告] 有人投票遇到問題嗎==,HatePolitics
12,[公告] 政治黑特板板規__20231015,HatePolitics
13,[討論] 在此鄭重告訴柯粉：KMT真的不急,HatePolitics
14,[討論] 柯文哲若當選,HatePolitics
15,Re: [討論] 菱傳媒 賴42.62 柯24.93 侯22.29,HatePolitics
16,[討論] 蘋果承認新機有燒屏問題,HatePolitics
17,Re: [新聞] 快訊／為藍白合再拋「折衷方案」　侯友宜,HatePolitics
18,Re: [新聞] 快訊／為藍白合再拋「折衷方案」　侯友宜,HatePolitics
19,[新聞]民眾黨被爆霸YouBike宣傳 網譙:到哪都要寄,HatePolitics
20,[討論] 歷史上有賴清德這麼可憐的候選人嗎？,HatePolitics
21,[討論] 我認為季後賽應該三戰兩勝制,HatePolitics
22,[討論] 藍白合各退一步可行嗎？,HatePolitics
23,[討論] 現在DDP要挺侯並且打柯才正確~,HatePolitics
24,Re: [新聞] 北市政前顧問爆斂財！　狠詐家長30萬「,HatePolitics
25,[新聞] 幕後／民進黨員卻代表民眾黨與國民黨談「,HatePolitics
26,[討論] 發言人扯後腿很正常？,HatePolitics
27,Re: [新聞] 【禁聞】中共不撤僑遭譏諷: 吳京開軍艦接,HatePolitics
28,[討論] 小黃卡上有高端是不是就先排除,HatePolitics
29,[新聞] 柯文哲民調「驚天逆襲」！賴清德震撼變,HatePolitics
30,[黑特] 恭喜全民都吃到巴西蛋！？,HatePolitics
31,Re: [新聞] 北市政前顧問爆斂財！　狠詐家長30萬「,HatePolitics
32,[討論] 侯主郭副柯文哲就完蛋了吧,HatePolitics
33,[討論] 對柯文哲最有利的是操作棄保成功,HatePolitics
34,[討論] 北市前顧問 跟柯文哲有什麼關係?,HatePolitics
35,Re: [討論] 金溥聰真的完全看透民眾堂的手法了,HatePolitics
36,[討論] 如果桃園市長現在是林智堅？,HatePolitics
37,[討論] 賴清德願意被大學生洗臉是加分扣分？,HatePolitics
38,[新聞] 李鴻源深夜道歉！昔控口罩國家隊賺回扣,HatePolitics
39,[討論] 柯粉是不爽破局還是藍白合？,HatePolitics
40,[討論] kmt大膽一點吧,HatePolitics
41,[討論] 柯文哲手下戰將有誰？,HatePolitics
42,[討論] 郭董5趴？6趴？為何連署沒反應在民調？,HatePolitics
43,[討論] 認真問 柯粉是不是真的覺得柯文哲會贏 ?,HatePolitics
44,[黑特] 你各位藍白選民不會自己合嗎？,HatePolitics
45,[新聞] 快訊／為藍白合再拋「折衷方案」　侯友宜,HatePolitics
46,[討論] 民調能服人郭董就不會出來選了好嗎~~~~~,HatePolitics
47,[討論] 蔡英文假博士認同卡+1 可有效排綠,HatePolitics
48,[新聞] 【禁聞】中共不撤僑遭譏諷: 吳京開軍艦接,HatePolitics
49,[黑特] 認真討論，柯郭合誰要當正的？,HatePolitics
50,Re: [新聞] 北市政前顧問爆斂財！　狠詐家長30萬「,HatePolitics
51,[討論] 開航母來也沒面子可言了，拜登中東峰會被放鴿子,HatePolitics
52,[討論] 伺服器這種低階組裝為啥能炒到那麼高,HatePolitics
53,[新聞] 金溥聰稱若只二選一沒有下一步?侯辦:誤,HatePolitics
54,Re: [討論] 柯文哲真的不接受當副總統?,HatePolitics
55,[討論] 柯文哲連侯友宜請假都包牌,HatePolitics
56,[討論] 柯粉不用去看精神科？,HatePolitics
57,[討論] 今天跑去龍潭放鞭炮？,HatePolitics
58,Re: [討論] 對柯文哲最有利的還是藍白合,HatePolitics
59,[討論] 賴清德可以看要躲著還是躺著就好嗎？,HatePolitics
60,[新聞] 昔稱自己人幫三星阻礙台積電 網酸張善政,HatePolitics
61,[討論] 八年前的此時候選人已經大勢底定,HatePolitics
62,[討論] 哈柯士為什麼對自己那麼沒信心,HatePolitics
63,Re: [討論] 賴清德可以看要躲著還是躺著就好嗎？,HatePolitics
64,Re: [討論] 對柯文哲最有利的還是藍白合,HatePolitics
65,[新聞] 替郭台銘連署每人發四百元 新埔鎮代主席,HatePolitics
66,[討論] 菱傳媒 賴42.62 柯24.93 侯22.29,HatePolitics
67,Re: [討論] 賴清德可以看要躲著還是躺著就好嗎？,HatePolitics
68,[討論] 藍白不合，到底會不會影響藍營立委選情？,HatePolitics
69,Re: [討論] 姚立明：2018民進黨決定將柯推向藍營,HatePolitics
70,Re: [新聞] 北市政前顧問爆斂財！　狠詐家長30萬「,HatePolitics
71,[討論] 主流民意版：KMT會先泡沫化,HatePolitics
72,Re: [討論] 賴清德可以看要躲著還是躺著就好嗎？,HatePolitics
73,[黑特] 柯文哲聰明但還是閩南種,HatePolitics
74,Re: [討論] 為什麼科技業領袖挺賴清德居多？,HatePolitics
75,[討論] 史上最強情勒大師 柯文哲,HatePolitics
76,[黑特] 智障都知道藍白合結果柯正 民進黨會爽死,HatePolitics
77,Re: [討論] 對柯文哲最有利的還是藍白合,HatePolitics
78,[新聞] 看到2024藍白整合竟陷亂局 沈富雄驚吐4點,HatePolitics
79,[討論] 柯賴侯3人的領袖特質,HatePolitics
80,Re: [討論] 高嘉瑜團隊跟吳欣岱現場吵起來了啦,HatePolitics
81,Re: [新聞] 台積電不考慮進駐龍潭 蘇貞昌酸「選,HatePolitics
82,[討論] 姚立明：2018民進黨決定將柯推向藍營,HatePolitics
83,[討論] 以色列,HatePolitics
84,[討論] 金溥聰真的完全看透民眾堂的手法了,HatePolitics
85,Re: [討論] 為什麼科技業領袖挺賴清德居多？,HatePolitics
86,Re: [討論] 姚立明：2018民進黨決定將柯推向藍營,HatePolitics
87,[新聞] 郭陣營示好：與柯有高度共識,HatePolitics
88,[討論] 古今中外有像柯文哲這種政治人物嗎？,HatePolitics
89,[討論] 柯文哲不要拖台錢,HatePolitics
90,[討論] 前瞻計畫是不是跟十大建設一樣？,HatePolitics
91,[討論] 有新希望蔣萬安在，藍營何必急於一時？,HatePolitics
92,[新聞] 北市政前顧問爆斂財！　狠詐家長30萬「,HatePolitics
93,Re: [討論] 柯文哲真的不接受當副總統?,HatePolitics
94,[討論] 急！！這幾年民主進步了什麼？,HatePolitics
95,[討論] 如果拜登在以色列被炸美爸會核平HMS嗎？,HatePolitics
96,[討論] 以色列終究成了他們討厭的人,HatePolitics
97,Re: [討論]若國民黨同意全市話去做民調能贏嗎?,HatePolitics
98,Re: [黑特] 美國眾議院議長選舉中,HatePolitics
99,Re: [討論] 急！！這幾年民主進步了什麼？,HatePolitics
100,[黑特] 蟻圾劣炸醫院死500人,HatePolitics
101,Re: [討論] 藍白都可以接受的民調辦法,HatePolitics
102,Re: [討論] 急！！這幾年民主進步了什麼？,HatePolitics
103,[討論] 笑死 破麻執政 國小畢旅8000多,HatePolitics
104,[討論] 可以灌海水進入哈瑪斯的地道嗎？,HatePolitics
105,Re: [討論] 柯文哲真的不接受當副總統?,HatePolitics
106,Re: [討論] 為什麼科技業領袖挺賴清德居多？,HatePolitics
107,[討論] 賴清德意外的很像椎名立希,HatePolitics
108,[討論] 韓國瑜意外的很像戶山香澄,HatePolitics
109,[討論] 侯友宜意外的很像丸山彩,HatePolitics
110,[討論] 金溥聰意外的很像白鷺千聖,HatePolitics
111,[討論] 高嘉瑜意外的很像要樂奈,HatePolitics
112,[討論] KMT喊話盡快二次會,HatePolitics
113,[討論] 對柯文哲最有利的還是藍白合,HatePolitics
114,Re: [新聞] 柯營堅持民調二選一 金溥聰：不接受折衷,HatePolitics
115,Re: [討論] 對柯文哲最有利的還是藍白合,HatePolitics
116,Re: [討論] 對柯文哲最有利的還是藍白合,HatePolitics
117,[討論] 藍白要合很簡單,HatePolitics
118,[黑特] 不得不說柯P是佈局高手,HatePolitics
119,[討論] 藍白和就是政治自殺,HatePolitics
120,[討論] 柯不能再犯一次關鍵錯誤,HatePolitics
121,Re: [討論] 對柯文哲最有利的還是藍白合,HatePolitics
122,[討論] 韓將成為這場選舉的最關鍵人物,HatePolitics
123,[新聞] 柯文哲談潛艦國造1句話！486先生傻眼「這,HatePolitics
124,Re: [討論] 柯不能再犯一次關鍵錯誤,HatePolitics
125,[黑特] 美國眾議院議長選舉中,HatePolitics
126,[討論] 藍白談判失敗，柯文哲要負責吧,HatePolitics
127,[討論] 藍營原來主流態度不是抖m啊,HatePolitics
128,[討論]若國民黨同意全市話去做民調能贏嗎?,HatePolitics
129,[新聞] 取消以色列之行 黃仁勳提早來台明將出席為鴻海科技日站台,HatePolitics
130,[討論] 別合了吧，直接棄保KMT就好,HatePolitics
131,Re: [討論] 柯不能再犯一次關鍵錯誤,HatePolitics
132,[討論] 柯文哲真的不接受當副總統?,HatePolitics
133,Re: [討論] 為什麼科技業領袖挺賴清德居多？,HatePolitics
134,[討論] 郭柯合 是不是導致加起來民調更低？,HatePolitics
135,"[討論] 藍白合只有侯柯配,沒有柯侯配",HatePolitics
136,[討論] 如果大陸套用陳吉仲的經濟模型,HatePolitics
137,Re: [討論] 哥倫布的故事,HatePolitics
138,[討論] 寶寶說不可能接受開放式初選,HatePolitics
139,[討論] 賴桑：高加魚從來沒有一次 沒照黨團投票,HatePolitics
140,[黑特] 侯辦扮猴，不用玩了,HatePolitics
141,[討論] 為什麼甲魚吸不到白粉,HatePolitics
142,[討論] 藍白都可以接受的民調辦法,HatePolitics
143,[公告] 我愛 是因為我存在 takashi001 2-2,HatePolitics
144,[討論] 柯媽媽這張照片太猛了吧…..,HatePolitics
145,[討論] 藍白不合，賴副真正慌了！,HatePolitics
146,[新聞] 「黑菊」到底有沒有法院認證？ 答案讓鄭,HatePolitics
147,[討論] 大陸人都支持CF,HatePolitics
148,[討論] 手機丟掉這中間到底有沒有什麼關聯性,HatePolitics
149,[討論] 徐巧芯公布的錄音檔到底有沒有變造?,HatePolitics
150,[討論] 身為綠粉真的很可悲吧？,HatePolitics
151,[黑特] 綠共真的沒高度,HatePolitics
152,[討論] 美國不附帶任何條件支援以色列4458億ROC?,HatePolitics
153,[新聞] 高科技大老挺賴！封測大廠京元電創辦人蕭,HatePolitics
154,[黑特] 看來要先郭柯合了,HatePolitics
155,[討論] 可以討論韓國的不良快篩嗎？,HatePolitics
156,[黑特] 老K一定會縮的啦,HatePolitics
157,[討論] 為什麼科技業領袖挺賴清德居多？,HatePolitics
158,Re: [黑特] 陳其邁：「民主初選會變成動員大會」,HatePolitics
159,[討論] 吳欣岱：「信賴台灣 真欣相岱」,HatePolitics
160,[討論] 不良快篩可以用效益的概念來套嗎？,HatePolitics
161,[新聞] 台積電不考慮進駐龍潭 蘇貞昌酸「選對人,HatePolitics
162,[新聞] 柯營堅持民調二選一 金溥聰：不接受折衷,HatePolitics
163,Re: [討論] 柯批一直失言 怎麼還有一堆人支持?,HatePolitics
164,Re: [討論] 為什麼科技業領袖挺賴清德居多？,HatePolitics
165,Re: [新聞] 高科技大老挺賴！封測大廠京元電創辦人蕭,HatePolitics
166,[新聞] 對手現身造勢場！高嘉瑜痛批吳欣岱：背刺,HatePolitics
167,[討論] 柯郭vs賴蕭vs侯韓 才好看,HatePolitics
168,[討論] 高嘉瑜團隊跟吳欣岱現場吵起來了啦,HatePolitics
169,Re: [討論] 桃園龍潭應該謝謝徐玉樹議員吧,HatePolitics
170,[討論] 為什麼綠粉不討厭王世堅 卻討厭高嘉瑜?,HatePolitics
171,[討論] 柯會不會怕藍太弱，沒辦法三黨不過半？,HatePolitics
172,[討論] 吳欣岱跑去踢館高嘉瑜喔？,HatePolitics
173,Re: [新聞] 快訊／民眾黨堅持全民調　金溥聰：若只,HatePolitics
174,[討論] 柯粉為什麼會認為柯文哲是救世主?,HatePolitics
175,[討論] 身為郭粉，恭喜賴清德當選總統！,HatePolitics
176,Re: [黑特] 身為柯粉，我覺得藍白不用合了。,HatePolitics
177,[討論] 柯跟柯粉的精神勝利法還能用多久？,HatePolitics
178,[討論] 在政黑說出Kobe較優秀的事實就會被亂噓,HatePolitics
179,[討論] KMT以後初選都用民主初選嗎？,HatePolitics
180,[討論] 省省吧  國民黨根本沒打算合  吃你豆腐,HatePolitics
181,[黑特] 陳其邁：「民主初選會變成動員大會」,HatePolitics
182,[討論] 年輕人不投藍 藍粉就要投柯喔？,HatePolitics
183,[討論] 本週政論名嘴風向 排名,HatePolitics
184,[討論] 以過往合作的案例來比較本次藍白合,HatePolitics
185,[討論] 柯批一直失言 怎麼還有一堆人支持?,HatePolitics
186,[討論] 今天是高嘉瑜立委生日,HatePolitics
187,[討論] 說到賴清德 第一時間會想到什麼？,HatePolitics
188,Re: [黑特] 郭柯、侯柯配哪個比較強?,HatePolitics
189,[討論] 請問民主初選是關陳其邁屁事？,HatePolitics
190,[討論] 侯涼了 柯又更穩了,HatePolitics
191,[討論] 賴vs侯vs郭柯 三角督 結果如何?,HatePolitics
192,Re: [新聞] 郭台銘：總統選舉應改兩輪投票絕對多數制,HatePolitics
193,[討論]多智障才會認為初選可行？？,HatePolitics
194,[討論] 就不能民主初選跟民調一起做嗎？,HatePolitics
195,[討論] 黃金互嗆的看法,HatePolitics
196,[討論] 館昌特便為什麼不號召粉絲幫阿北,HatePolitics
197,[討論] 驚！侯友宜民調逆轉變第一了 丞相起風啦~,HatePolitics
198,[討論] 其實我對金溥聰的排斥度並不高?,HatePolitics
199,[黑特] 若友柯藍營人士不出來說話 我將抵制他們,HatePolitics
200,[討論] 快笑死 金小刀 把國民黨搞爆了,HatePolitics
201,[討論] 隔壁說藍軍不要拿翹 以為去年贏是靠藍軍,HatePolitics
202,Re: [新聞] 郭台銘：總統選舉應改兩輪投票絕對多數制,HatePolitics
203,Re: [Live] 黃國昌：這麼愛Q我，那就來直播吧,HatePolitics
204,[黑特] 身為柯粉，我覺得藍白不用合了。,HatePolitics
205,[新聞] 快訊／開金嗓為高嘉瑜慶生！賴清德籲團結,HatePolitics
206,[討論] 怎麼會得出柯文哲不背刺+加入DPP 政治路就一片光明的結論?,HatePolitics
207,[討論] 我覺得一個醫師不可以這樣講話,HatePolitics
208,Re: [黑特] 身為柯粉，我覺得藍白不用合了。,HatePolitics
209,Re: [討論] 不是柯需要我們 而是台灣需要柯文哲,HatePolitics
210,Re: [討論] 我覺得一個醫師不可以這樣講話,HatePolitics
211,[討論] 民進黨為什麼買東西都要偷雞摸狗,HatePolitics
212,[新聞] 金溥聰稱「白若堅持二選一不必談」　侯辦,HatePolitics
213,[討論] 韓國瑜再等8年也沒了不上嗎？,HatePolitics
214,Re: [討論] 政黑認為2020民進黨初選方案不可信嗎？,HatePolitics
215,[討論] 金溥聰 比 林耕仁 軟得更快耶 到底在幹嘛,HatePolitics
216,[討論] 政黑為什麼這麼在意柯文哲和民眾黨,HatePolitics
217,[討論] 白藍合與九二共識的差異,HatePolitics
218,Re: [新聞] 郭台銘：總統選舉應改兩輪投票絕對多數制,HatePolitics
219,[討論] 藍白一定合,HatePolitics
220,[新聞] 高教工會評總統參選人教育政見 柯陣營挨,HatePolitics
221,[討論] 藍白合鬧劇是演完了沒？,HatePolitics
222,[討論] 不是柯需要我們 而是台灣需要柯文哲,HatePolitics
223,Re: [新聞] 黃珊珊：在野整合不分彼此 必須考慮郭台銘,HatePolitics
224,[討論] 剛剛在捷運站看到狗叫，第一時間想到,HatePolitics
225,[討論] 為什麼沒人翻桌說我不談了 選到底！,HatePolitics
226,Re: [新聞] 台積電龍潭園區喊卡 陳其邁：機會是留給,HatePolitics
227,[黑特] 郭柯、侯柯配哪個比較強? ,HatePolitics
228,Re: [新聞] 郭台銘：總統選舉應改兩輪投票絕對多數制,HatePolitics
229,[討論] 柯文哲是第一次被嘴的這麼狼狽吧,HatePolitics
230,[Live] 黃國昌：這麼愛Q我，那就來直播吧,HatePolitics
231,[討論] 美英法日否決俄提出加薩停火決議,HatePolitics
232,Re: [討論] 金小刀真的老了 該來政黑看看,HatePolitics
233,[討論] 小刀哥快跟阿北道歉吧 別鬧了 事情大條了,HatePolitics
234,[討論] 大仔拿出Guts啊,HatePolitics
235,[討論] 這麼簡單的局民眾黨怎麼破不了？,HatePolitics
236,Re: [討論] 隔壁板不演了 說要投侯 但只會投罷免票,HatePolitics
237,[討論] 政黑認為2020民進黨初選方案不可信嗎？,HatePolitics
238,[新聞] 柯文哲以攝護腺癌比喻兩岸關係 台灣泌尿,HatePolitics
239,[討論] 怎麼保證不發生戰爭，投降嗎？,HatePolitics
240,[討論] 阿伯會怎麼回應 北市府涉貪,HatePolitics
241,[黑特] 自己政治理念不要牽拖整個政黑版~,HatePolitics
242,[黑特] 統計自2008年至今 巴勒斯坦多少兒童傷亡?,HatePolitics
243,Re: [新聞] 柯文哲以攝護腺癌比喻兩岸關係 台灣泌尿,HatePolitics
244,[黑特] 難道要讓尿尿不洗手的老人決定中華民國的,HatePolitics
245,[黑特] 我覺得政黑怎樣~勇敢一點就說自己覺得啊~,HatePolitics
246,[討論] 公開談判就是一個笑話,HatePolitics
247,Re: [討論] 以色列當初是要讓巴勒斯坦建國的？,HatePolitics
248,[討論] 原來是one piece的故事,HatePolitics
249,[討論] 柯文哲如果合郭台銘,HatePolitics
250,[討論]關公顯靈要侯友宜退選！,HatePolitics
251,[討論] 韓潛艦承包商被起訴了，藍腦開心了吧,HatePolitics
252,[新聞] 黃珊珊：在野整合不分彼此 必須考慮郭台銘,HatePolitics
253,[討論] 馬英九能把李延賀救出來嗎?,HatePolitics
254,[新聞] 擔任鎮代貪污免刑仍屬有罪 彰縣議員洪本,HatePolitics
255,[討論] 民調專家吳世昌：民調比民主初選準100倍,HatePolitics
256,[討論] 大家敢給政治立場強烈的醫生開刀嗎?,HatePolitics
257,Re: [新聞] 黃珊珊：在野整合不分彼此 必須考慮郭台銘,HatePolitics
258,Re: [討論] 羅智強900芯沒出來嗆金溥聰？,HatePolitics
259,[討論] 金小刀真的老了 該來政黑看看,HatePolitics
260,[討論] 郭柯跟侯兩組民主初選？,HatePolitics
261,[黑特]  藍白的好朋友,HatePolitics
262,Re: [討論] 張善政：我是唯一能引進科技大廠的候選人,HatePolitics
263,[討論] 33不是律師出身 怎麼那麼不會談判？,HatePolitics
264,[討論] 黃33的意思是非比民調就不合摟,HatePolitics
265,[討論] 哥倫布的故事,HatePolitics
266,[新聞] 獨/幫郭台銘連署就給400元 新埔代表會主,HatePolitics
267,[黑特] 公務員484真的很爽,HatePolitics
268,[新聞] 黃珊珊拋「比民調」2方案！金溥聰強硬回,HatePolitics
269,[討論] 柯文哲侯友宜誰2023之後會消失在政壇？,HatePolitics
270,[黑特] 師傅是民主亂流(用量子力學分析),HatePolitics
271,Re: [討論] 為什麼這麼多人反對以色列？,HatePolitics
272,[新聞] 郭台銘：總統選舉應改兩輪投票絕對多數制,HatePolitics
273,[討論] 所以蔡英文根本把柯文哲慣壞了吧???????,HatePolitics
274,[討論] 藍白開戰就是爽,HatePolitics
275,Re: [討論] 隔壁板不演了 說要投侯 但只會投罷免票,HatePolitics
276,Re: [黑特] 還是國民黨讓100台遊覽車？,HatePolitics
277,[討論] 藍白合end 可以開始討論2024國民黨主席了,HatePolitics
278,[討論] 綠營最怕的是小刀方案 還好文哲膽小猥瑣,HatePolitics
279,[討論] 羅智強900芯沒出來嗆金溥聰？,HatePolitics
280,Re: [討論] 以色列當初是要讓巴勒斯坦建國的？,HatePolitics
281,"[討論] 為何台灣拍不出-韓國""北風""的政治電影""?",HatePolitics
282,[討論] 民主初選太過困難的解決方法,HatePolitics
283,Re: [新聞] 快訊／民眾黨堅持全民調　金溥聰：若只,HatePolitics
284,[黑特] 綠媒不跟民眾說的事 以色列關6000個政治犯,HatePolitics
285,[討論] 別說遊覽車~腳踏車也不可能同意合作,HatePolitics
286,[黑特] 如果柯不當副的，就不用談了,HatePolitics
287,[討論] 為什麼賴清德不回答民進黨貪汙問題？,HatePolitics
288,[討論] 為什麼賴清德想跟習近平當好朋友？,HatePolitics
289,[討論] 賴清德當了8年台南市長，台南改變了什麼,HatePolitics
290,Re: [討論] 為什麼賴清德不回答民進黨貪汙問題？,HatePolitics
291,Re: [討論] 暖男陳其邁是不是不爽賴清德躺著選?,HatePolitics
292,Re: [討論] 郭台銘的連署狀況?,HatePolitics
293,[討論] 白糞可以說說文哲大A 台北八年政績嗎,HatePolitics
294,[討論] 隔壁板不演了，重炮批評國民黨,HatePolitics
295,[黑特] 到了朱家，才知蔡家的好,HatePolitics
296,[黑特] 綠畜為什麼都不討論買到韓國假快篩虧4.7,HatePolitics
297,[新聞] 影射誰？中國新書《崇禎:勤政的亡國君》被,HatePolitics
298,[新聞] 首例！幫郭台銘連署給400涉嫌賄選 新埔,HatePolitics
299,[討論] 隔壁板不演了 說要投侯 但只會投罷免票,HatePolitics
300,Re: [討論] 隔壁板不演了，重炮批評國民黨,HatePolitics
301,[討論] 不用太擔心，柯文哲已經在找後路了,HatePolitics
302,[討論] 柯文哲深綠人設幹嘛不搶綠票？,HatePolitics
303,[討論] 藍營未來會用民主初選來做黨內初選嗎？,HatePolitics
304,[討論]柯文哲給我停止藍白合喔！,HatePolitics
305,Re: [討論] 為什麼賴清德想跟習近平當好朋友？,HatePolitics
306,[討論] 最早喊藍白合的是誰啊？,HatePolitics
307,[討論] 合作前先廝殺一波 最好叫合作拉 笑死,HatePolitics
308,[新聞] 中共管制網路言論再一樁 要求網紅公開,HatePolitics
309,[討論] 國民黨堅持初選的原因,HatePolitics
310,[討論] 買房是不是進門先喊實登七折?,HatePolitics
311,Re: [新聞] 侯競辦關公像青龍偃月刀 突倒下落地引揣,HatePolitics
312,[黑特] 匯流是不是三立化了？,HatePolitics
313,[黑特] 民眾糖只准自己可以 別人做就該死,HatePolitics
314,[黑特] 有效的談判有街上嗆輸贏的嗎？,HatePolitics
315,[討論] 柯粉很多精神分裂症,HatePolitics
316,[黑特] 是誰說外國豬都很臭很難吃的,HatePolitics
317,[討論] 還是郭董最公平 我先當4年,HatePolitics
318,[討論] 泌尿道醫學會 回應柯大A,HatePolitics
319,[黑特] 暖男：民進黨當年的民主初選結果『慘烈』,HatePolitics
320,[討論] 為什麼時代力量不分區沒有國昌老師？,HatePolitics
321,[討論] 柯文哲破解美麗島民調滾動式帶風向!!,HatePolitics
322,[討論] 白的覺得難是不是把投票所想的太多了,HatePolitics
323,[討論] 金小刀硬起來才是對的,HatePolitics
324,[討論] 為何柯粉這麼怕藍白不合作？,HatePolitics
325,[討論] 為何突然有群柯粉發文擔心國民黨泡沫化,HatePolitics
326,[討論] 美麗島侯穩定第二國民黨為什麼不敢比民,HatePolitics
327,[新聞] 第一次聽國民黨整合方案「嚇一跳」　黃,HatePolitics
328,[討論] 柯文哲又騙人,HatePolitics
329,[新聞] 遭陳沂批「黑菊」結果出爐！鄭家純不滿,HatePolitics
330,[討論] 我就問一個問題，侯民調如果第二，柯粉會,HatePolitics
331,[討論] 藍白合都搞得這麼蝦，還有人信聯合政府？,HatePolitics
332,Re: [新聞] 侯競辦關公像青龍偃月刀 突倒下落地引揣,HatePolitics
333,[討論] 沒藍白合了 找郭聯盟全國區域提名吧,HatePolitics
334,Re: [討論] 膽小鬼遊戲結束，柯該去找郭談了,HatePolitics
335,Re: [討論] 想問如果比民調柯輸了會發生什麼事?,HatePolitics
336,[討論] 藍白合是假，打擊民眾黨是真,HatePolitics
337,Re: [討論] 以色列當初是要讓巴勒斯坦建國的？,HatePolitics
338,"[討論] 賴當選,最慘不是國民黨",HatePolitics
339,[新聞] 影／再批貪汙讓台灣退步 柯P:學生問弊案 ,HatePolitics
340,[討論] 為什麼這麼多人反對以色列？,HatePolitics
341,[討論] 藍白合破局 柯粉比柯p本人還要急?,HatePolitics
342,[討論] 藍白合看起來只是用來引戰用的吧,HatePolitics
343,Re: [討論] 金小刀智商是不是屌虐菜EE？,HatePolitics
344,[討論] 問如果民調全市話柯會答應嗎?,HatePolitics
345,[討論] 柯粉現在能自辦造勢大會嗎？,HatePolitics
346,[討論] 膽小鬼遊戲結束，柯該去找郭談了,HatePolitics
347,[討論] 談判這樣談很北七吧,HatePolitics
348,Re: [新聞] 快訊／民眾黨堅持全民調　金溥聰：若只,HatePolitics
349,[討論] 國民黨輸了2024根本不痛不癢,HatePolitics
350,Re: [新聞] 快訊／民眾黨堅持全民調　金溥聰：若只,HatePolitics
351,[黑特] 國民黨 囉哩八嗦 自尋死路,HatePolitics
352,Re: [新聞] 快訊／民眾黨堅持全民調　金溥聰：若只,HatePolitics
353,[討論] 金小刀智商是不是屌虐菜EE？,HatePolitics
354,[討論] 想問如果比民調柯輸了會發生什麼事?,HatePolitics
355,[討論] 柯文哲玩到國民黨不敢比民調綠粉還是嘲笑,HatePolitics
356,Re: [黑特] 藍白合到底是要演給誰看的,HatePolitics
357,"[討論] KMT穩到不行,穩定泡沫化的方面",HatePolitics
358,[討論] 國民黨是不是放棄中央執政了,HatePolitics
359,Re: [新聞] 快訊／民眾黨堅持全民調　金溥聰：若只,HatePolitics
360,[討論] 柯文哲吸血國民黨是不是要歸功於蔡英文？,HatePolitics
361,[黑特] 揮文好棒，原來選舉是不看政見只看選票,HatePolitics
362,[討論] 請問版上柯粉 是支持白藍合 還是藍跪白?,HatePolitics
363,[討論] 多年前大學校園醜聞(修訂版)?,HatePolitics
364,Re: [討論] 美麗島52波賴35.5% 侯21.1% 柯17.5% 郭5.8%,HatePolitics
365,Re: [新聞] 侯競辦關公像青龍偃月刀 突倒下落地引揣,HatePolitics
366,[討論] 藍白好煩喔 ,HatePolitics
367,Re: [討論] 暖男陳其邁是不是不爽賴清德躺著選?,HatePolitics
368,[討論] 其實也不用民調了吧,HatePolitics
369,Re: [新聞]藍白二會就協商民調！ 黃珊珊：「民主初選」再談幾次都不,HatePolitics
370,[新聞] 快訊／民眾黨堅持全民調　金溥聰：若只,HatePolitics
371,Re: [新聞] 徐旭東：國際訂單回流 ECFA 以巴衝突不影,HatePolitics
372,[討論] 兼顧民主初選跟民調的好方法,HatePolitics
373,Re: [新聞] 快訊／堅持民調決勝負！民眾黨宣布民調規,HatePolitics
374,Re: [討論] 這絕對是謊話吧！,HatePolitics
375,[討論] 想要阿北贏要選兩次好累,HatePolitics
376,Re: [討論] 以色列當初是要讓巴勒斯坦建國的？,HatePolitics
377,Re: [新聞] 侯競辦關公像青龍偃月刀 突倒下落地引揣,HatePolitics
378,Re: [討論] 這絕對是謊話吧！,HatePolitics
379,[黑特] 藍白合到底是要演給誰看的,HatePolitics
380,Re: [新聞] 快訊／民眾黨堅持全民調　金溥聰：若只,HatePolitics
381,[討論] 113哪個黨最有可能輸不起,HatePolitics
